,companyName,linkId,description,price,country,type,monetizationtype,siteAge,monthlyNetProfit
0,Adult Humor,/11661022,"Online entertainment brand Adult Humor, with 2.3 million Facebook followers. This website has become a household name in delivering daily doses of laughter.","USD $95,000", United Kingdom,Content,Ads,2 years,"USD $4,118 p/mo"
1,Content | Business,/11643183,"Growing High-Authority B2B Marketing Site with Incredible Backlink Profile Generating $2,563/m Net Profit from Recurring Affiliate Income and Sponsored Content","USD $45,470", United States,Content,Affiliate Sales,3 years,"USD $2,510 p/mo"
2,Blog | Finance/South Africa,/11648562,"8 months old Fast Growing Wordpress Site having almost Strong SEO & Quality Content in Booming Finance Niche, Generating $2,246/m in Net Profit from Display Ads","USD $41,000", United States,Content,Ads,1 year,"USD $1,947 p/mo"
3,Jango Recipes,/11648820,"3 yo Content Site with High-Quality Content & Strong SEO in the Recipes Niche, generating $1601/m Net Profit from Mediavine.","USD $35,000", Pakistan,Content,Ads,3 years,"USD $1,601 p/mo"
4,H-O-M-E,/11641911,2 year old Entertainment Blog monetized with DISPLAY ADS,"USD $32,000", Romania,Content,Ads,3 years,"USD $1,037 p/mo"
5,Content | Education,/11677304,"Unique Content-Rich Blog with Diagrams, Tools & Interactive Exercises + 2 Subdomains - 1.15M Monthly Pageviews in total & Monetized with Premium Freestar ads!","USD $32,000", Ecuador,Content,Ads,3 years,"USD $2,063 p/mo"
6,Desire Recipes,/11649239,"A recipe-focused online platform providing diverse and vibrant food ideas, promoting a love for cooking and satisfying culinary desires.","USD $22,000", Pakistan,Content,Ads,2 years,"USD $1,413 p/mo"
7,Content | Lifestyle,/11546319,2-Year-Old Premium Tattoo Website earning $2000+ per month. 6-month average is $2020,"USD $20,001", United States,Content,Affiliate Sales,2 years,"USD $1,415 p/mo"
8,makingamillennialmillionaire.com,/11642784,"2 year old investing site DR 25 (Ahrefs) with 90% U.S-based organic traffic. 260 hand-written articles with back links at Yahoo Finance, Mens Health, GBR, etc.","USD $18,000", United States,Content,Ads,2 years,"USD $3,074 p/mo"
9,StartingtoDJ.com,/11657167,3-yr Old Affiliate Marketing Content Site in the Audio Gear and DJing Niche - Net $980/mo,"USD $17,200", Croatia,Content,Affiliate Sales,3 years,USD $979 p/mo
10,LatheMatters.com,/11667926,"4yr old Wordpress Site with High Growth Potential in the High Ticket Crafting Niche, Passively Generating $1,286/m in Net Profit from Display Ads & Affiliates","USD $17,100", United States,Content,Affiliate Sales,4 years,"USD $1,135 p/mo"
11,Repeat Replay,/11682385,"3-Year-Old Music Content Site featuring Interviews With Popular Musicians and EDM DJs, Music Playlists and Reviews of Musical Gear","USD $16,500", United States,Content,Affiliate Sales,3 years,"USD $1,583 p/mo"
12,Website | Marketing Technology,/11666983,3-Year-Old Marketing Tech Blog Passively Generates $838/month in Net Proft Mainly Through SAAS Affiliate Programs. Numerous Growth Opportunities.,"USD $16,000", United States,Content,Affiliate Sales,4 years,USD $833 p/mo
13,Earthly Go,/11655483,"2-Year-Old Site Making $1,100+ Per Month - Health & Supplements - Thriving in YMYL Niche","USD $16,000", United States,Content,Affiliate Sales,2 years,USD $677 p/mo
14,PetCosset,/11663290,"4.5 years info website about dogs, cats, rabbits and guinea pigs with 860 manually written posts","USD $15,000", Canada,Content,Affiliate Sales,4 years,"USD $1,130 p/mo"
15,SmartDigiHere.com,/11683779,"1.5yrs old Profitable Wordpress Site with 450+ High Quality Articles in the How-To-Guides Niche, Generating $2,368/m in Net Profit from Display Ads & Affiliates","USD $13,200", United States,Content,Affiliate Sales,1 year,"USD $1,888 p/mo"
16,fitnessunicorn.com,/11668726,A 3-year-old thriving website in YMYL niches: Keto & Gluten Free diet. Broad enough domain to expand into all things health & fitness! The sky is the limit!,"USD $13,000", United States,Content,Affiliate Sales,3 years,USD $659 p/mo
17,Surf Hungry,/11674550,"4yr old Wordpress Site With 631 Posts in the Surfing Sports Niche, Generating $1014/m in Net Profit from Display Ads and Affiliate Income","USD $12,420", United States,Content,Affiliate Sales,4 years,USD $770 p/mo
18,TheWadingKit.com,/11699196,"Portfolio of 4 Content Blogs With Over 1,000 Total Articles in Tech, Fishing & Dog Niches, Generating $1,747/m in Net Profit from Display Ads & Affiliate Income","USD $12,100", United States,Content,Affiliate Sales,4 years,"USD $1,584 p/mo"
19,Hello Betty Co.,/11685430,A lifestyle & beauty blog on an established domain with large social media accounts and high earning sponsored posts relationship.,"USD $11,500", United States,Content,Affiliate Sales,<1 year,USD $278 p/mo
20,English Proficiency,/11661880,An online platform that helps individuals improve their English proficiency through personalized lessons and interactive exercises.,"USD $11,000", Netherlands,Content,Affiliate Sales,3 years,USD $188 p/mo
21,Content | Home and Garden,/11661137,"Online business that offers tips, advice, and products to help dog owners reduce shedding and keep their furry friends clean and healthy.","USD $10,000", United States,Content,Affiliate Sales,3 years,USD $285 p/mo
22,Gratta e Vinci Vincenti,/11658969,"Italian Casino Scratch Cards Website. 300+ Pages, Well Researched (Real Authors - no AI), SEO/EEAT Optimized - Unique Gem!","USD $10,000", Spain,Content,Affiliate Sales,1 year,USD $133 p/mo
23,Chevy Geek,/11678196,Chevygeek.com is 1.5 year old website with 88.5% US traffic. Currently monetized with Ezoic and Amazon Affiliates. All organic traffic through search engines.,"USD $10,000", United States,Content,Affiliate Sales,1 year,USD $767 p/mo
24,Sports Centaur,/11677824,"Highly profitable general sports website in the lucrative Sports and Outdoor industry. Revenue of $2,289, with a 95% profit margin. Established in 2020.","USD $9,000", United Kingdom,Content,Ads,3 years,USD $181 p/mo
25,iwanttobeproductive.com,/11683762,"Unlock the potential of a dormant education-focused website sharing captivating stories, practical advice, and inspiring lessonsnow monetized with Raptive.","USD $8,500", United States,Content,Ads,5 years,USD $190 p/mo
26,LoftyRecipes.com,/11691332,1 yr old blog in - food niche making around 10$+ daily - 300$ monthly from Ezoic & Adsense; Gets 11k visitors and 20k page views organic; Jan 24 earnings - 372$,"USD $7,500", United States,Content,Ads,<1 year,USD $221 p/mo
27,GYPU,/11702403,4 year old emoji website with 90K pageviews/month. Will sell to the best offer.,"USD $6,601", United States,Content,Ads,3 years,USD $83 p/mo
28,reallyrather.com,/11664326,"Lifestyle/infotainment news site created by a prominent journalist. Chief assets: brand name; 367 SEO enhanced, female-oriented articles; 55 Domain Authority.","USD $6,250", United States,Content,Affiliate Sales,3 years,USD $134 p/mo
29,TereMereStatus.com,/11693473,"Highly profitable content site with $5000+ AdSense net profit. Worldwide audience, 1.6 M+ views, minimal operational costs include with post-sale support.","USD $6,200", India,Content,Ads,3 years,USD $241 p/mo
30,Sewingfeed,/11662026,2.5 years info website about sewing and fabric maintenance. it has 925 manually written articles,"USD $6,000", Canada,Content,Affiliate Sales,2 years,USD $509 p/mo
31,iptv-online.org,/11659869,"Last year 7200 net profit, +210% more than last year and still growing. 3 years old website about internet and technology. Consistent Earning.","USD $6,000", Spain,Content,Ads,3 years,USD $645 p/mo
32,reallysimpleguitar.com,/11525242,"Fast-growth, SEO-optimized guitar reviews and education blog with a high margin, DA of 27. 4-year-old domain. Started publishing content in February 2021.","USD $6,000", Spain,Content,Affiliate Sales,3 years,USD $729 p/mo
33,mackayrealestateguide.com.au,/11662542,"A 3-year-old real estate website with great SEO, quality content, and traffic. Ideal for PBN, mortgage broker, property agent, or buyers agent.","USD $5,750", Australia,Content,Other,1 year,AUD $599 p/mo
34,My Garden Flowers,/11681150,"A DR 32, 4-year-old passively earning content site in the gardening niche which has consistently earned an average of $238/m over the last couple of years.","USD $5,495", United Kingdom,Content,Ads,4 years,USD $231 p/mo
35,Juniper Pets,/11667111,"An online business that offers a wide array of pet products, catering to the needs of pet owners with convenience and quality service.","USD $5,370", United States,Content,Affiliate Sales,3 years,USD $251 p/mo
36,PithyRecipe.com,/11644907,1-year-old website in the food niche with 400+ daily visitors; earning with ezoic and adsense; traffic is steady even with the recent helpful content update!,"USD $5,250", United States,Content,Ads,1 year,USD $188 p/mo
37,Surfers Hype Magazine,/11683263,"A 3-year old Surf blog, with a strong domain authority & good brand position in the niche. We've created a user-friendly site, with unique content for surfers.","USD $5,213", Denmark,Content,Affiliate Sales,3 years,USD $205 p/mo
38,The Bodybuilding Archive,/11674586,"Bodybuilding brand built around the Silver & Golden Era of Bodybuilding: blog, massive social reach, and newsletter.","USD $5,001", United Kingdom,Content,Other,3 years,GBP £8 p/mo
39,Dev Devout,/11686855,"Dev Devout is a website for developers, designers, and creatives that contains helpful web apps, tools, and content about AI, web development, and design.","USD $4,999", United States,Content,Ads,1 year,USD $51 p/mo
40,pedalstreet.com,/11681344,"Affiliate site in the cycling niche with 151 posts, well written by humans. Had some good years, but needs help recovering from recent Google updates.","USD $4,900", Canada,Content,Affiliate Sales,3 years,USD $235 p/mo
41,comicsandcosplay.com,/11680330,Growing Site in the Cosplay Costume Niche with 138 SEO Optimized Articles and large Pinterest presence. Monetized with Amazon Associates & Adsense,"USD $4,550", United States,Content,Affiliate Sales,2 years,USD $141 p/mo
42,ballarelife.com,/11686571,"A Mediavine publisher targeting the sports niche. If you buy this website, Mediavine.com account also transfer to you!!","USD $4,500", China,Content,Affiliate Sales,1 year,USD $159 p/mo
43,gemstagram.com,/11667527,An online resource providing information about the healing properties of gemstones and a selling these gemstonges to customers.,"USD $4,500", United States,Content,Affiliate Sales,4 years,USD $244 p/mo
44,theskinexperiment.com,/11659874,"A skincare website with in-depth reviews of skincare products, plus skincare tips. Built on a light, easy to maintain theme. High potential for sponsored posts.","USD $4,075", Canada,Content,Affiliate Sales,4 years,USD $52 p/mo
45,Rechargd.com,/11704392,4 year old aged content site all about electric vehicles. Sought-after highly brandable domain name.,"USD $4,000", United States,Content,Affiliate Sales,4 years,USD $57 p/mo
46,BeingAwakened.com - 3 year old spiritual blog that's making $100-150 a month passively,/11695107,A 3 year old spiritual blog making $100-150 a month passively. Have huge potential to grow.,"USD $4,000", India,Content,Affiliate Sales,3 years,USD $91 p/mo
47,southeasternbowhunting.com,/11675678,"SoutheasternBowhunting.com is a blog filled with archery, hunting, and outdoor gear reviews, as well as how-to posts for hunters.","USD $4,000", United States,Content,Affiliate Sales,2 years,USD $197 p/mo
48,Dirt Bike Vault,/11653533,"A niche motorcycle blog content site monetized through display ads and affiliates with 15,000 FB followers, 3,000+ Facebook group members, and 1,000+ newsletter","USD $4,000", United States,Content,Affiliate Sales,1 year,USD $22 p/mo
49,potentstack.com,/11664492,A thriving US finance & lifestyle content blog with massive potential. It is a holy grail for affiliate monetization. Steady passive income from ads intact.,"USD $3,800", Nigeria,Content,Ads,2 years,USD $307 p/mo
50,The Snow Guide,/11696269,A 4+ years old Winter sports website making $3400/year and getting decent traffic (not dependent on Google). Ranking for thousands of profitable keywords.,"USD $3,750", India,Content,Affiliate Sales,4 years,USD $284 p/mo
51,Cycling Global,/11692469,A 4-year-old site with established income and traffic in a proven niche with high-quality content.,"USD $3,750", Sri Lanka,Content,Affiliate Sales,3 years,USD $283 p/mo
52,InstaZoom,/11681375,"2.4 Year Old Profitable Tool website generating 2.5 Million Page Views in last 12 Months, with $400/m in Net Profit From Display Ads.","USD $3,500", Pakistan,Content,Ads,2 years,USD $337 p/mo
53,Package Corner,/11675077,11 Months Old Blog making $267 in its first two full months of monetization in the evergreen Package Delivery Sub-niche and growing tremendously.,"USD $3,500", Kenya,Content,Ads,1 year,USD $22 p/mo
54,Mamas Happy Kitchen,/11683982,"High Authority food niche, attracting over 400 daily visitors, generating revenue through Adsense and Amazon, and experiencing continuous monthly growth.","USD $3,420", Morocco,Content,Affiliate Sales,<1 year,USD $35 p/mo
55,21cats.org,/11692961,3-Years-Old High Volume Content website in the Informative Pet Niche Making $ 275.48 per month Earned 3000+ last year in net profit,"USD $3,300", China,Content,Ads,3 years,USD $275 p/mo
56,funworldfacts.com,/11679098,"2-year-old content site featuring lists of facts about places around the world, primarily US, Canada, UK audience.","USD $3,201", Canada,Content,Ads,2 years,USD $238 p/mo
57,TheCourierTracker.com,/11664220,1-Year-Old Content Site in the Evergreen Courier Tracking Niche Making $84.00 per month in Net Profit.,"USD $3,000", India,Content,Ads,1 year,USD $84 p/mo
58,theksatoday.com,/11694046,"Saudi problem solving site, ranking for many keywords. DA PA 47+, SEMrush 27, DR 32. 1+ year old, $100/month Adsense + sponsored.","USD $3,000", Saudi Arabia,Content,Ads,1 year,USD $24 p/mo
59,GlobWikiBio,/11676133,2 year old Entertainment Blog monetized with DISPLAY ADS,"USD $3,000", India,Content,Ads,2 years,USD $117 p/mo
60,Trackacourier.com,/11701982,1.5-Years-Old Content Site in the Evergreen Courier Tracking Niche Making $150.00 per month in Net Profit,"USD $2,900", Pakistan,Content,Ads,1 year,USD $103 p/mo
61,Port Schedules PH,/11674009,A 3.9 year old travel website that works on any browsers and easy to operate using WordPress and Elementor very profitable and easy to run.,"USD $2,850", Philippines,Content,Affiliate Sales,3 years,USD $119 p/mo
62,The Programming Expert,/11693354,"Unlock the potential of TheProgrammingExpert.com! Proven revenue, established audience, SEO-optimized content. Minimal expenses. Seize the opportunity now!","USD $2,800", United States,Content,Ads,4 years,USD $51 p/mo
63,K-Popsolutions,/11707207,"Established in 2021, this profitable Entertainment website boasts impressive revenue and profit margins, making it a valuable opportunity for investors.","USD $2,800", India,Content,Ads,1 year,USD $105 p/mo
64,iamautodidact.com,/11666643,"4-year old content site in the education niche, generating $150/m in Net Profit (12 months Avg.) from Impact & Ezoic.","USD $2,700", Austria,Content,Affiliate Sales,4 years,USD $136 p/mo
65,GiftSitter.com - Gift lists for everyone,/11675022,Simple site in the gift niche. Highly seasonal.,"USD $2,700", Bosnia and Herzegovina,Content,Affiliate Sales,1 year,USD $76 p/mo
66,Thankchickens,/11680575,I've been making money through adsense ads from thankchickens.com since February 2021. Until now I don't have time to take care of it so I sell it to you.,"USD $2,610", Vietnam,Content,Ads,1 year,USD $101 p/mo
67,grandrugby.com,/11659703,Very profitable with low maintenance 'Sports Blog' for sale which has recently generated 1680$ in just 6 months.,"USD $2,500", Pakistan,Content,Affiliate Sales,<1 year,USD $240 p/mo
68,Geeky.org,/11686968,"This is a once in a lifetime opportunity to invest in an epic, geek related website that offers coverage of a variety of geeky topics","USD $2,500", United States,Content,Affiliate Sales,3 years,USD $12 p/mo
69,City Pests,/11691915,"City Pests is a fast, gorgeous pest control site on a great domain. Users land on the site because they have a problem, and City Pests has the answer. MUST SEE!","USD $2,400", United States,Content,Affiliate Sales,2 years,USD $77 p/mo
70,incomeintelligence.com,/11660220,"10 Month Old Finance & AI Blog for Sale | 67,000+ Pageviews | $900 via Ezoic & Affiliates | High Earning Potential from AI Affiliates | Aged Domain | High DA","USD $2,300", United Kingdom,Content,Affiliate Sales,2 years,USD $67 p/mo
71,Tire Forge,/11689114,"This is a thriving 3-year-old blog, that offers insights on automotive tires, maintenance, & more! The best part It's in an evergreen niche, super ad-friendly","USD $2,300", United States,Content,Affiliate Sales,2 years,USD $148 p/mo
72,learnhowtobbq.com,/11661564,2 Years 7 Months Old Barbecue Grills Aged Content Niche Site with 100 Quality BBQ Grills Articles Earned $1200+ in Last 1 Year via Amazon and Ezoic for Sale,"USD $2,299", India,Content,Affiliate Sales,2 years,USD $99 p/mo
73,Casa e Bimbi,/11666746,"3 year old Italian website in the kids, family, home niche earning 240 euro per month","USD $2,250", Australia,Content,Affiliate Sales,3 years,EUR €245 p/mo
74,Creative Currency,/11688886,A 2-Year-Old High Authority Forex Trading Content Site For Sale. Generated 800k Impressions & 22k Organic Clicks From Google.,"USD $2,100", India,Content,Ads,2 years,USD $13 p/mo
75,Freelance Faucet,/11577591,"13 month old affiliate site with strong backlink profile and 122 posts. Category is freelancing. monetization via affiliate sales, backlinks, list placement.","USD $2,100", United States,Content,Affiliate Sales,1 year,USD $111 p/mo
76,Bible With Us,/11705433,"Passive & Growing Christian Blog with High Opportunities - Generating $83/Month Net Profit, 25,000 Monthly Sessions, Strong E.E.A.T background.","USD $2,100", Vietnam,Content,Ads,<1 year,USD $16 p/mo
77,Office Chair Trends,/11647928,"I bought the site a while ago on a whim because I saw potential in it. However, I have multiple projects going on and simply do not have the time for it right n","USD $2,000", United States,Content,Affiliate Sales,3 years,USD $44 p/mo
78,ChatGPT 4,/11673516,"High-growth blog site ChatGPT 4 with 46k organic Page Views, revenue from AdSense and Affiliate marketing. DA 20, PA 23. Making Almost $254/month.","USD $2,000", Pakistan,Content,Ads,<1 year,USD $53 p/mo
79,ArcheryPower,/11668131,"Amazon affiliate site with a good mix of informational and affiliate posts. Fast and clean design made by a professional, great base to build on.","USD $2,000", United Arab Emirates,Content,Affiliate Sales,1 year,USD $71 p/mo
80,UpLevel Green,/11670439,I bought this content site in 2022. I quickly realized I didn't have the bandwidth or the dedication to maintain the site. I've only added two articles since pu,"USD $2,000", Canada,Content,Affiliate Sales,2 years,USD $98 p/mo
81,thegardenersguide.com,/11673003,Easy Gardening Blog. Full of potential. Steadily growing on facebook. Approved w/ many affiliate programs. Facebook approved for monetization & Branded content.,"USD $2,000", United States,Content,Affiliate Sales,<1 year,USD $6 p/mo
82,Graphics Mob,/11638569,"Profitable graphic design blog (software related), with a few affiliate articles. An active Youtube channel with great promise and very scalable.","USD $2,000", Kenya,Content,Affiliate Sales,3 years,USD $247 p/mo
83,womencalculators.com,/11677199,A creatively unique site housing popular women's health and 169+ wellness-related calculators that function as blog posts at the same time.,"USD $2,000", Nigeria,Content,Ads,1 year,USD $28 p/mo
84,Succulents Help,/11662755,2 Years old gardening sites focused on succulents. 382 post published. All content is human written. Earns money from Ezoic and Amazon affiliate.,"USD $1,980", United States,Content,Affiliate Sales,2 years,USD $86 p/mo
85,https://projectorninja.com/,/11680570,"Projector Ninja is a resourceful website providing expert reviews, comparisons, and recommendations for projectors, guiding customers to make informed purchase","USD $1,900", Vietnam,Content,Ads,4 years,USD $122 p/mo
86,ledlightstation.com,/11694068,"18 months old LED Light Blog making $50+/mo from Google Adsense, Ezoic ads, and Sponsored Posts with Google News Approved (HIGH CPM Niche)","USD $1,800", India,Content,Ads,1 year,USD $50 p/mo
87,Claude AI,/11676287,"High-growth blog site Claude AI with 8.5k organic Page Views, revenue from AdSense and Affiliate marketing. DA 17, PA 20. Making Almost $250/month.","USD $1,800", Pakistan,Content,Ads,<1 year,USD $168 p/mo
88,FinanceCaps.com,/11704968,Lead Generation Blog For Sale,"USD $1,800", United States,Content,Affiliate Sales,1 year,USD $281 p/mo
89,Ruleofthegame.com,/11680078,"3-year-old general information WordPress blog with 66 unique articles in the gaming/video game niche. 8300 organic sessions in the last month. Easy to run, no A","USD $1,750", United States,Content,Affiliate Sales,1 year,USD $50 p/mo
90,Uae Draw Secret,/11549372,"Website Monetized with AdSense + Affiliate making $160 monthly in the Result Niche, country UAE.","USD $1,750", Pakistan,Content,Affiliate Sales,1 year,USD $121 p/mo
91,Bible Verse For Christian,/11680686,"Christian website offering daily Bible verses, devotionals, and inspirational content, aiming to spread the message of faith and encourage spiritual growth.","USD $1,700", India,Content,Ads,1 year,USD $29 p/mo
92,MMA Panda,/11688499,Mixed Martial Arts content website (2 years) All visitors are from search engines (Passive income - Ezoic),"USD $1,560", Spain,Content,Ads,2 years,USD $2 p/mo
93,Developer Pitstop,/11674798,A 2.5-year-old content site focused on the software development niche. Perfect for someone looking to release out a course or add job-focused content.,"USD $1,500", United Kingdom,Content,Affiliate Sales,2 years,USD $67 p/mo
94,ThatCatBlog,/11577857,"A cat blog with brandable name (ThatCatBlog), Making money off affiliate sales and Guest posts","USD $1,500", Nigeria,Content,Affiliate Sales,1 year,USD $148 p/mo
95,Elegant Espresso,/11695614,"2 year old affiliate marketing website/blog in the coffee niche. Doing reviews and informative articles on espresso machines, and everything around them.","USD $1,500", United States,Content,Affiliate Sales,1 year,USD $3 p/mo
96,CelebFleet,/11683329,Adsense & Google News Approved |High-Quality Backlinks (Wikipedia & IMDB) | A 1.5 years blog on Entertainment Niche CelebFleet | Huge Earning Potential,"USD $1,500", India,Content,Ads,1 year,USD $22 p/mo
97,Aviation Info,/11666683,1-year-old blog earning about 50$ per month from ezoic; getting around 5K page views from Organic search.,"USD $1,500", United States,Content,Ads,1 year,USD $56 p/mo
98,Emozzy,/11695135,"Emozzy.com is a top blog providing knowledge and information to a global audience since 2019. It covers topics aimed at enhancing minds, souls, lifestyles, care","USD $1,500", United States,Content,Ads,4 years,USD $128 p/mo
99,Fishkeeping Trends,/11670164,"A 2-year-old growing pet aquarium niche website with manually written 80 articles totaling 119K words, currently earning $50 per month","USD $1,450", United States,Content,Ads,3 years,USD $50 p/mo
100,ePaperToday,/11683197,A 3 Years Old ePaperToday.in Earns through Google Adsense with more than 80% profit margin.,"USD $1,400", India,Content,Ads,3 years,USD $25 p/mo
101,doyourspin.com,/11660205,"2-yr old racket sports content site with 103 articles. Ezoic approved, profitable, steady traffic. Needs fresh content & SEO research. Great potential.","USD $1,400", Romania,Content,Ads,2 years,USD $2 p/mo
102,Pico Office,/11682217,"A DR 9, 16-month-old content business in the home working space which was seeded with 110+ articles and has earned an average of $83 per month across 2023.","USD $1,310", United Kingdom,Content,Affiliate Sales,1 year,USD $76 p/mo
103,The Gym Bros,/11662383,"Elevate your website portfolio with TheGymBros.com: a fitness authority website with a fantastic DR 24 backlink profile, ready to pump up your web presence!","USD $1,300", United States,Content,Service Subscription,2 years,USD $107 p/mo
104,hotathletegirls.com,/11690167,"High-traffic website about Athletics and Sports, receiving more than an average 75,000 uv/mo and making an average of 300+ USD/mo from Google Adsense","USD $1,255", Bulgaria,Content,Affiliate Sales,1 year,USD $287 p/mo
105,Cameras Unleashed,/11679219,A blog focusing on camera reviews and information. Adsense and Amazon Associates income potential.,"USD $1,250", Barbados,Content,Affiliate Sales,1 year,USD $18 p/mo
106,GoKetoDiet.org,/11679375,Lead Generation Site Making $550 Per Month,"USD $1,202", United States,Content,Affiliate Sales,1 year,USD $390 p/mo
107,Comfy Sittings,/11697224,A 2.5 year old Amazon Affiliate Website in the Massage and Recliner Niche with 96 High-quality articles generating $37/m in net profit in the last 12 months,"USD $1,200", Pakistan,Content,Affiliate Sales,2 years,USD $37 p/mo
108,LiveLifeHealthy.net,/11697885,Health Blog Making Consistent Affiliate Income,"USD $1,200", United States,Content,Affiliate Sales,1 year,USD $235 p/mo
109,dietsedge.com,/11696023,"Content Rich Established Website in Diet and Fitness Niche, Receiving Organic Traffic and Generating $255+mo from ClickBank Affiliate","USD $1,200", India,Content,Affiliate Sales,<1 year,USD $249 p/mo
110,nezamancikacak.xyz Movie News Blog website.,/11673239,Continuous earning potential even if you haven't added any content to the automatic plot.,"USD $1,200", Turkey,Content,Ads,3 years,USD $4 p/mo
111,PaintballHow.com,/11683248,Amazon & Ezoic Earning PaintBallHow.Com 1.7 Y/O Website | Daily Traffic |Proof Attached |Premium Custom Theme | HUGE profit Paintball Niche | Ranked Keywords,"USD $1,170", Pakistan,Content,Affiliate Sales,1 year,USD $10 p/mo
112,Morningardens.com,/11680083,"3-year-old general information WordPress blog with 50 information articles in the superfoods niche. 12,800 organic sessions in the past 3 months. Easy to run.","USD $1,050", United States,Content,Affiliate Sales,1 year,USD $38 p/mo
113,Storiesig.it,/11659337,"A versatile tool for downloading and view IG stories online, offering user-friendly features and convenience.","USD $1,011", Italy,Content,Ads,3 years,USD $18 p/mo
114,comohacerlotodo.com,/11690456,Great Spanish Blog DA 58 and PA 42 with high-quality SEO posts,"USD $1,000", Spain,Content,Affiliate Sales,1 year,USD $89 p/mo
115,Oil Filters Online,/11642826,"Aged automotive content site with stable income from Ezoic, and a lot of monetizing potential.","USD $1,000", Vietnam,Content,Ads,1 year,USD $37 p/mo
116,HIFISpecs.com - 4 year old comparison site,/11670511,A 4-year-old speakers and headphones specs and comparison blog.,"USD $1,000", Bosnia and Herzegovina,Content,Affiliate Sales,4 years,USD $16 p/mo
117,Best Sewing Machine Reviews,/11660532,"Best Sewing Machines is a fast, gorgeous sewing and quilting website on a perfect match domain. Lots of opportunity here! This one is a MUST SEE.","USD $1,000", United States,Content,Affiliate Sales,3 years,USD $73 p/mo
118,leandiabetes.com,/11669457,$280/Month Average Passive Income with ClickBank in Highly Profitable Niche Diabetes Care - 1500+p/mo Organic Traffic - High Quality Content Website,"USD $1,000", India,Content,Affiliate Sales,<1 year,USD $181 p/mo
119,Vertical farming planet,/11688758,"Comprehensive vertical farming blog with detailed insights on technology, industry trends, and practical guides. Monetized with ezoic ads.","USD $1,000", Poland,Content,Ads,3 years,USD $27 p/mo
120,Plugin Mixer,/11677455,"Robust music content platform with scalable architecture, e-commerce integration possibilities, and monetization via ads and niched affiliate programs.","USD $1,000", Hong Kong,Content,Affiliate Sales,2 years,USD $2 p/mo
121,wideworldofbilliards.com,/11678956,"23 yr old Aged domain, Fully Optimized with 100000+ words","USD $1,000", India,Content,Affiliate Sales,1 year,USD $7 p/mo
122,redditwiki.com,/11684869,"2-year-old news & media site 17K Articles earns $150-200/month through sponsorships articles, AdSense, and Adsterra Some SEO issues need to be addressed.",USD $999, Pakistan,Content,Ads,2 years,USD $172 p/mo
123,Podcast Pursuit,/11691877,"Podcast Pursuit is a fast, gorgeous podcasting website on a perfect domain. Lots of opportunity here! This one is a MUST SEE.",USD $984, United States,Content,Affiliate Sales,3 years,USD $31 p/mo
124,passportoverland.com,/11694550,A great website for someone with a passion for overlanding and who wants to push this site to the next level. Lots of great posts to get you up and running!,USD $950, United States,Content,Affiliate Sales,2 years,USD $-1 p/mo
125,Home Garden Bloom,/11692739,"Established 2 Year Old - Amazon Associates Site in Home & Garden niche, with 100+ Unique Articles. Generated $154 in Total Sales! Google Adsense Approved!",USD $915, Australia,Content,Affiliate Sales,2 years,USD $3 p/mo
126,speakerchampion.com,/11659870,"Speaker Champion is a fast, gorgeous car and home audio website on a perfect match domain. Social media accounts included. This one is a MUST SEE.",USD $910, United States,Content,Affiliate Sales,4 years,USD $113 p/mo
127,stormwebtech.com,/11667552,"A multi niche blog specially focused on tech niche. 4 year old domain, growing traffic, 90% organic traffic, affiliate earning potential under product category",USD $910, India,Content,Ads,4 years,USD $20 p/mo
128,Owningagibson.com,/11684990,"A website catering to Gibson guitar enthusiasts, offering a range of products, repair services, and resources for a comprehensive guitar ownership experience.",USD $900, Netherlands,Content,Ads,1 year,USD $86 p/mo
129,sportydog.co,/11679939,"A DR 23, 3-year-old content business in the pet industry which has consistently earned an average of $44 per month over the past two full calendar years.",USD $899, United Kingdom,Content,Affiliate Sales,3 years,USD $38 p/mo
130,pestpreventionpatrol.com,/11659031,A 2 year old content business in the home and garden industry earning $28 per month.,USD $850, United Kingdom,Content,Affiliate Sales,3 years,USD $25 p/mo
131,Pop Vinyl Records,/11695870,Unlock the Potential of a Dormant Vinyl Records Multilanguage Niche Website. Growing Traffic With No Works. Monetized with EZOIC and Google Adsese,USD $850, India,Content,Ads,<1 year,USD $26 p/mo
132,Established Passive Income DogTrainingWeb.com,/11692331,"Content Rich Established Website in Dog Training Niche, Receiving Organic Traffic and Generating $245+mo from ClickBank Affiliate - Passive Income",USD $850, India,Content,Affiliate Sales,<1 year,USD $236 p/mo
133,TipsForWellBeing.com,/11690577,Blog With Social Media Traffic Making $500+ Per Month,USD $811, Canada,Content,Affiliate Sales,1 year,USD $439 p/mo
134,4 The Lake,/11666816,"A 3 year old content business in the sports and outdoor industry. Earn with Amazon Affiliate Program (Domain alone appraised for $1,600 by Godaddy)",USD $805, Australia,Content,Affiliate Sales,4 years,USD $22 p/mo
135,Fire Pit Zone,/11692461,3 Year Old Keyword Optimized Wordpress Blog that ranks and gets sales through Amazon and Shareasale.,USD $805, United States,Content,Affiliate Sales,3 years,USD $-16 p/mo
136,houseunleashed.com,/11676211,"This is a thriving 2-year-old blog, that offers insights on home improvement, appliances, and more! The best part It's in an evergreen niche, super ad-friendly",USD $800, United States,Content,Affiliate Sales,3 years,USD $28 p/mo
137,Word Paradox,/11685056,"1 year Old Name Generators Tool-Based Website With 60 Different Name Generators, Site has the potential of making $3000/Month With Some Efforts & Adsense Approv",USD $800, Canada,Content,Ads,1 year,USD $5 p/mo
138,BeautyAnozo.com,/11672107,2 year-old Android Apps Review Content Site Making $70/mo profit from AdSense | 28K+ unique pageviews/month | Huge Potential | Brandable Domain,USD $800, Bangladesh,Content,Ads,2 years,USD $68 p/mo
139,TravelGuiderr.com,/11682776,A travel niche blog optimised for SEO and already ranking on some good traffic keywords. Highly Profitable and Easy to Run,USD $775, India,Content,Affiliate Sales,<1 year,USD $34 p/mo
140,Headphonetic.com,/11658493,12+ Month-old blog in Headphones Niche. Earning 28$ /M With 62 Articles Published.,USD $765, Germany,Content,Affiliate Sales,1 year,USD $5 p/mo
141,Auttomotive,/11692007,"Content website in the Automotive niche, monetized with Ezoic. Making $20/month. Over 200 published posts, and 150 unique visits a day with mostly US traffic.",USD $750, Mexico,Content,Ads,<1 year,USD $6 p/mo
142,appleonloop.com,/11701803,Brandable 2-Year Old WordPress Website in Apple Niche,USD $720, India,Content,Ads,3 years,USD $18 p/mo
143,Snaptik,/11683114,"1.9 yr old Profitable Tool website generating 5.4 Million Traffic in last 12 Months, with $360/m in Net Profit From Display Ads.",USD $701, Pakistan,Content,Ads,2 years,USD $368 p/mo
144,StableCamera,/11682039,"A 1-year and 8-month-old blog focusing on gimbals, cameras, and filmmaking tips.",USD $700, Canada,Content,Ads,1 year,USD $15 p/mo
145,yourconverterworld.com + yourcalculatorworld.com,/11675035,"Invest in Success: Thriving web-based Calculator & Converter Tool for sale. Easy profitable, efficient a wise choice for savvy investors! 2 website in 1 deal",USD $700, India,Content,Ads,<1 year,USD $10 p/mo
146,Marijuana Store,/11671192,"DiscreetCannabisMedshop.com, 2+ year Aged domain, DA-8 and PA-43, Marijuana Cannabis Dispensary shop, Ahrefs keywords- 310+, Perfect Marijuana Affiliate website",USD $699, India,Content,Affiliate Sales,2 years,USD $80 p/mo
147,everyhomecook.com,/11659887,Everyhomecook.com is a comprehensive blog that is designed to make cooking fun and accessible for people of all skill levels.,USD $699, India,Content,Affiliate Sales,2 years,USD $65 p/mo
148,I am Landlord,/11701415,3-yr old Real State site with 120 articles ($1k+ spent on content). Last year's Revenue & Pageviews: $230/26.000 users 1k+ keyword research included.,USD $650, Spain,Content,Ads,3 years,USD $17 p/mo
149,GraspCS,/11680675,"A 2 year old content business in the education industry with a total of 25567 page views (at the time of writing). price is negotiable, please connect.",USD $650, India,Content,Other,3 years,
150,Henry Hoovers Online,/11693459,A 1 year old profitable affiliate blog. Ranks well with great potential. Selling due to lack of time.,USD $635, United Kingdom,Content,Affiliate Sales,<1 year,GBP £23 p/mo
151,Autodweller.com,/11660980,12+ Month old blog in the car camping/ Van Life Niche with 49 published articles.,USD $611, Australia,Content,Affiliate Sales,1 year,USD $7 p/mo
152,techwai.com,/11678404,"Technology news affiliate blog on autopilot | US traffic | Earn LIFETIME commissions promoting web hosts, online money courses, Amazon products, crypto casinos",USD $605, Slovenia,Content,Affiliate Sales,<1 year,USD $243 p/mo
153,americanstylo.com,/11694007,Site for body care and fashion. Income from Adsense and Amazon. Additional information on request.,USD $600, Spain,Content,Affiliate Sales,2 years,USD $18 p/mo
154,Good Gifts Guide,/11672283,4 year old content site in the fun and lucrative gift niche. Earning revenue from Amazon and supported by a Pinterest account (included in the sale).,USD $600, Australia,Content,Affiliate Sales,4 years,USD $1 p/mo
155,Content Crisp,/11675074,ContentCrisp.com is a publication that provides up-to-date insights on SEO and marketing. It has the potential to become a big player in the industry.,USD $600, India,Content,Affiliate Sales,<1 year,USD $125 p/mo
156,DavesFootballBlog.com,/11686723,"An old football blog from 2005! Based on WordPress, the blog contains unique content. 300 Articles!",USD $600, United Kingdom,Content,Ads,1 year,USD $75 p/mo
157,5 Bundle Ranking Sites with SEO Metrics,/11669853,"5 Bundle ranking domains with SEO metrics, DA- 53, 14 years website age, organic traffic, Perfect for Google Adsense, Premium domain name websites",USD $599, India,Content,Affiliate Sales,1 year,USD $50 p/mo
158,detectorformetal.com,/11687968,"An almost 4-year old human-written, quality review website in the niche of metal detectors with healthy organic traffic from Tier-1 countries (USA, UK, Canada).",USD $590, Australia,Content,Affiliate Sales,3 years,USD $4 p/mo
159,Maximum Target,/11661877,"Strong 3 year old blog style website based around target sports with 146 posted unique articles (~185,000) words not written by AI",USD $555, United Kingdom,Content,Affiliate Sales,3 years,USD $10 p/mo
160,waterfilterspruce.com,/11697630,Established Water filtration niche site with 1k monthly visitors. Making $21/month with a potential to grow. Great opportunity to scale monetization & traffic!,USD $550, Pakistan,Content,Affiliate Sales,2 years,USD $18 p/mo
161,brushfaq.com,/11696414,Established 2 year old brush niche website - 182 articles by professional writers. High traffic from US/UK/Canada/Australia. Premium & brandable.,USD $550, India,Content,Ads,1 year,USD $28 p/mo
162,Stoves Affiliate Niche Site,/11685857,"LuckyPelletStove.com, 2+ year Aged domain, DA-4 and PA-14, Stoves Niche Affiliate site, 80+ Ahrefs Keywords, Perfect Amazon affiliate, Adsense and Guest posting",USD $549, India,Content,Affiliate Sales,2 years,USD $15 p/mo
163,etechnologytrends.com,/11699778,A 3-year-old Content website with 80 well-researched articles in the technology niche. Very easy to run with lots of room for growth.,USD $500, Indonesia,Content,Ads,4 years,USD $5 p/mo
164,fascinatedhome.com,/11674584,A growing and potential website with target of affiliate marketing in Home improvement category.,USD $500, Germany,Content,Affiliate Sales,1 year,USD $2 p/mo
165,TechbizMasters.com,/11684577,"A professional Tech & Affiliate website with potential earnings averaging $85 from hosting affiliates, boasting a sophisticated design.",USD $500, India,Content,Affiliate Sales,<1 year,USD $65 p/mo
166,LyricsBits.com - Fully Automated,/11679614,Established Lyrics Website - 2+ Years Old Site | 2K+ Ranked Keywords | 5K+ Monthly Traffic | FULLY AUTOMATION,USD $500, India,Content,Affiliate Sales,2 years,USD $28 p/mo
167,foodiesgallery.com,/11702416,"A Food niche website with a global audience in the United States, Canada, United Kingdom, and Australia, with 255 Articles",USD $500, India,Content,Ads,<1 year,USD $1 p/mo
168,Established Passive Income NewBeautyZone.com,/11701906,"Content Rich Established Website in Skincare and Beauty Niche, Receiving Organic Traffic and Generating $355+mo from ClickBank Affiliate",USD $500, India,Content,Affiliate Sales,<1 year,USD $339 p/mo
169,donromans.com,/11664657,"Dedicated business offering expert advice in the Leadership, Supervision, and Management field.",USD $500, United States,Content,Ads,2 years,USD $18 p/mo
170,Decoratehow.com,/11677629,DA 50 | Adsense Approved | USA Organic Traffic | 1 Year Old Website | 1500+ Original Articles,USD $500, United Arab Emirates,Content,Ads,1 year,USD $95 p/mo
171,Best Tools Kitchen,/11691552,"Hi, It is a Blog content website on Kitchen Niche. The site was created in October 2021.",USD $500, Canada,Content,Ads,2 years,USD $2 p/mo
172,Wealth Leap,/11704554,A Starter 7-Month-Old Personal Finance Blog With Good DA Making $50/ Month | High Growth Potential with Diversified Income Streams,USD $500, India,Content,Other,<1 year,USD $73 p/mo
173,GermanShepherdShow.com,/11673020,"GermanShepherdShow.com, 1+ year Aged domain, DA-10 and PA-12, German Shepherd dog site, Perfect Google Adsense & Affiliate Website",USD $499, India,Content,Affiliate Sales,1 year,USD $11 p/mo
174,Discover Uplift,/11676689,"Top Notch Affiliate Blog on Personal Development & Self Help with Massive Earnings Potential with 100+ unique SEO Friendly articles indexed $2,000 total worth.",USD $499, India,Content,Affiliate Sales,<1 year,USD $54 p/mo
175,NewsOdds.com NFL NBA MLB Soccer News,/11694447,"Sports news & odds comparison affiliate blog on autopilot, US traffic, Earn 50% Revenue Share casino & sportsbook betting commissions. Godaddy Value at $1.9k",USD $491, Slovenia,Content,Affiliate Sales,<1 year,USD $218 p/mo
176,Fama Laptop,/11682381,"8 M/O, 600+ Organic Traffic, 140k Impressions, In GSC With 1000+ Keywords Ranking, Growing Website in the Laptop Niche, Perfect for Google Adsense & Affiliate.",USD $450, India,Content,Affiliate Sales,<1 year,USD $3 p/mo
177,goodfoodmama.com,/11660227,"1 Year Old Food Blog for Sale | 6400+ Pageviews, 390K+ Impressions | $150 via Ezoic & Amazon Affiliates | Earning Potential from Affiliates | Aged Domain",USD $440, United Kingdom,Content,Affiliate Sales,1 year,USD $15 p/mo
178,5 Bundle of Ranking Websites,/11696183,"5 Bundle of Ranking Websites- 11+ years age, Adsense approved, DA-50+and PA-35+",USD $404, India,Content,Ads,1 year,USD $16 p/mo
179,Quiz Niche Website,/11703207,BestFriendQuiz is high potential website it is quiz dare game website famous in whatsapp its traffic potential is in million,USD $400, United States,Content,Ads,<1 year,USD $1 p/mo
180,5 Bundle Ranking Sites with SEO Metrics,/11683150,"5 Bundle ranking domains with SEO metrics, High authority, 9+ years website age, organic traffic, Perfect for Google Adsense, Premium domain name websites",USD $399, India,Content,Affiliate Sales,4 years,USD $24 p/mo
181,TheFootwears.com,/11694235,"TheFootwears.com, DA-9 and PA-11, 1+ year Aged domain, Footwears Guide Perfect Amazon Affiliate, Adsense & Guest posting Website",USD $399, India,Content,Affiliate Sales,1 year,USD $5 p/mo
182,Sight Stylish,/11684968,1.5-Year-Old Fashion Review Blog Based on US & UK. 800 Posts + Adsense & Ezoic Approved. Monthly 2.5k - 3k Organic Traffic. Earned $600+ from Ads & Affiliate,USD $398, India,Content,Affiliate Sales,1 year,USD $56 p/mo
183,thedecortrends.com,/11667194,HUGE POTENTIAL! An interior design blog with natural backlinks that was started in 2021. The website makes regular income through google adsense.,USD $382, Indonesia,Content,Ads,3 years,USD $5 p/mo
184,Know Your Vape,/11660238,"1 Year Old Vape Blog for Sale | 24,000+ Pageviews, 230K+ Impressions | Earning via Ezoic & Adsense | HIGH Earning Potential from Affiliates | Aged Domain",USD $365, United Kingdom,Content,Affiliate Sales,1 year,USD $6 p/mo
185,rukovodstvo.net,/11675466,2-year-old blog with 20000+ organic monthly visitors & 700+ quality posts. Prime investment opportunity.,USD $360, India,Content,Affiliate Sales,2 years,USD $89 p/mo
186,2gotraveling.com,/11656119,"Travel blog that earned from Ezoic, AdSense and affiliate sales. Over 100 posts. Earned $17 in May and $24 in June.",USD $350, Thailand,Content,Affiliate Sales,1 year,USD $8 p/mo
187,Breakfast Blog,/11665618,Growing Website With $20 to $30 Per Month. The website content ranks well in Google & Bing. Impression and clicks are going up from last month.,USD $350, India,Content,Ads,1 year,USD $10 p/mo
188,thechairguider.com + vacuumslots.us,/11665159,"2 Aged Websites in Trending Amazon Affiliate Niches. Ideal for portfolio diversification with SEO-optimized, human-written content.Buy all 2 in 1 Deal for $350!",USD $350, India,Content,Affiliate Sales,1 year,USD $41 p/mo
189,GarageWebs.com,/11672626,"GarageWebs.com, 3+ year Aged domain, DA-7 and PA-24, AutoMobiles Troubleshooting Guide, Ahrefs keywords- 210+, Perfect Google adsense site",USD $349, India,Content,Affiliate Sales,3 years,USD $20 p/mo
190,musicdetailed.com,/11703569,Established 2 year old Musical Instrument niche website - 100 articles by professional musicians. High traffic from US/UK/Canada/Australia. Premium & brandable.,USD $330, India,Content,Ads,1 year,USD $6 p/mo
191,"Volleyball website with over 30,000 visits monthly",/11675789,"Volleyball website with unique content and more than 30,000 visits monthly. Website makes more than 100 USD/mo from Adsense, monetag and affiliates.",USD $330, Bulgaria,Content,Affiliate Sales,1 year,USD $101 p/mo
192,World Futbol Hub,/11703547,Worldfutbolhub is a great opportunity to build on a growing football community. This site has huge potential with the right care. AS/DR is 8.0 as per SEMrush,USD $326, Australia,Content,Ads,<1 year,AUD $-53 p/mo
193,SpicyTourist Travel Blog,/11705487,"A 2.8-year-old Travel Blog focused on the top trending destination, Goa, with 2.5k monthly pageviews and 55 high-quality articles (Includes Adsense Account).",USD $300, India,Content,Affiliate Sales,2 years,USD $10 p/mo
194,Bathroom Trends,/11705976,A 3-year-old Content website with 135 published articles in the bathroom niche. DA 15 and PA 24.,USD $300, Indonesia,Content,Ads,3 years,USD $3 p/mo
195,SportsEnforce,/11695420,"A 6 month old Sports blog with USA traffic mostly covering Esports, Nascar, NFL having 95 manually written quality posts getting 5k-10k pageviews a month. Monet",USD $300, India,Content,Ads,<1 year,USD $2 p/mo
196,smartclownloach.com,/11691827,"A fish pet niche website with a global audience of the United States, United Kingdom, and Australia, with 47 Articles",USD $300, India,Content,Ads,<1 year,USD $1 p/mo
197,glueschool.com,/11692662,"The ultimate resource for all things glue: a comprehensive guide to adhesives for every use, from crafts to construction.",USD $300, United States,Content,Affiliate Sales,1 year,USD $12 p/mo
198,Templationary,/11694325,"A 2-year old, AdSense approved content website that provides custom made Notion templates.",USD $300, United Kingdom,Content,Ads,1 year,USD $3 p/mo
199,carsfreedom.com blog with 173 articles. Earns ~7$ / month,/11661413,A starter website about cars including 173 articles based on careful and professional keyword research.,USD $300, Netherlands,Content,Other,<1 year,USD $8 p/mo
200,House Plants & Flowers,/11686396,"ThePatientGardener.com, 1+ year Aged domain, House Plants & Flowers site, 50+ Ahrefs Keywords, Amazon affiliate, Adsense &Guest posting site",USD $275, India,Content,Affiliate Sales,1 year,USD $4 p/mo
201,Rabbits Care Guide,/11665793,"RabbitsWow.com, 1+ year Aged domain, DA-3 and PA-9, Rabbit Care Guide, Ahrefs keywords-80+, Perfect Google adsense & affiliate site",USD $260, India,Content,Affiliate Sales,1 year,USD $20 p/mo
202,Food Steaks,/11699582,"FoodSteaks.com,DA-53, PA-36, 1.5+ years aged 14 Quality articles,55+ Keywords, Food Recipe Site, Earning from Guest Post Perfect for Google Adsense,",USD $255, Canada,Content,Other,<1 year,USD $60 p/mo
203,GlowEvery,/11665573,"Beauty is Happiness Bite-sized beauty tips, skincare secrets, and wellness wisdom. Because feeling good is as essential as looking good. make sell online",USD $255, United Kingdom,Content,Affiliate Sales,<1 year,USD $25 p/mo
204,simontoksapk.com,/11691047,"APK niche website with global audience of Indonesia, United States, Singapore, France, Poland, Netherlands, with over 7,020 PVs & 4,722 users monthly",USD $250, India,Content,Ads,<1 year,USD $2 p/mo
205,Remote Air Racing,/11696728,Established 2 year old content site in evergreen Remote Control Aircraft Hobby niche. Includes 12 professional & unique articles With Facebook URL. Amazon Affil,USD $250, Australia,Content,Affiliate Sales,2 years,USD $1 p/mo
206,ReptileTraining.com,/11682009,"ReptileTraining.com, 1+ year Aged domain, DA-11 and PA-18, Reptile Training Guide, Perfect Google Adsense & Affiliate Website",USD $249, India,Content,Affiliate Sales,1 year,USD $11 p/mo
207,DogsTrainings.com,/11672215,"DogsTrainings.com, 1+ year Aged domain, DA-53 and PA-36, Dogs Training site, Perfect Google Adsense & Affiliate Website",USD $249, India,Content,Affiliate Sales,1 year,USD $3 p/mo
208,datingsitesafety.com,/11683368,Dating Affiliate Website Making $185 Per Month - Pretty Easy To Scale,USD $245, United States,Content,Affiliate Sales,1 year,USD $237 p/mo
209,Hunting10.com|| DA-56,/11693633,"Hunting10.com, DA-56 and PA-33, 3+ year Aged domain, Hunting Guide & Tips, Perfect Amazon Affiliate, Adsense & Guest posting Website, Zero reserve",USD $223, India,Content,Affiliate Sales,3 years,USD $4 p/mo
210,LocateClinics.com,/11685841,"LocateClinics.com, 1+ year Aged domain, Hospital & Clinic Blog site, 205+ Ahrefs Keywords, Perfect Lead Generation, Adsense and Guest posting Website",USD $220, India,Content,Ads,1 year,USD $15 p/mo
211,CasualBackpacks.com,/11669950,"CasualBackpacks.com, 1+ year Aged domain, DA-53 and PA-36, BackPacks Reviews site, Perfect Google Adsense & Affiliate Website",USD $220, India,Content,Affiliate Sales,1 year,USD $10 p/mo
212,cowboyslafayettela.com,/11649570,Website about cowboy lifestyle. The site was made in 2020. Organic traffic Google USA. The site is made on Wordpress.Added to Adsense.,USD $217, Ukraine,Content,Ads,3 years,USD $1 p/mo
213,globoautomotives.com,/11691021,A 3-Year-Old Automotive Blog For Sale! Organic Traffic From USA. Adsense and Ezoic Approved!,USD $201, India,Content,Affiliate Sales,3 years,USD $1 p/mo
214,Marijuana Blog ||Ecommerce Store,/11685365,"CheebaDope.com, 1+ year Aged domain, DA-10 and PA-25, Marijuana Blog cum Ecommerce, 230+ Ahrefs Keywords, Perfect Affiliate and Guest posting Website",USD $200, India,Content,Affiliate Sales,1 year,USD $17 p/mo
215,BlenderGalaxy.com,/11693941,"BlenderGalaxy.com, DA-11 and PA-15, 3+ year Aged domain, Blender Guide Perfect Amazon Affiliate, Adsense & Guest posting Website",USD $200, India,Content,Affiliate Sales,3 years,USD $6 p/mo
216,Hair Beard Styles,/11676244,"VikingHairStyle.com, 1+ year Aged domain, DA-11 and PA-23, Hair Beard Style, 230 Ahrefs Keywords, Perfect Google Adsense & Affiliate Website",USD $199, India,Content,Affiliate Sales,1 year,USD $22 p/mo
217,WhymyDoggy.com || DA- 57,/11693338,"WhymyDoggy.com, DA-57 and PA-32, 2+ year Aged domain, Dogs Guide & Care Blog, Perfect Amazon Affiliate, Adsense & Guest posting Website, Zero reserve",USD $199, India,Content,Affiliate Sales,2 years,USD $17 p/mo
218,MicrowavePro.com,/11700690,"MicrowavePro.com, DA-9 and PA-23, 3+ year Aged domain, Microwave Guide Perfect Amazon Affiliate, Adsense & Guest posting Website",USD $199, India,Content,Affiliate Sales,1 year,USD $4 p/mo
219,PlumberViews.com,/11680348,"PlumberViews.com, 3+ year Aged domain, DA-8 and PA-32, Plumbing Guide site, Perfect Google Adsense, Lead Generation & Affiliate Website",USD $199, India,Content,Affiliate Sales,3 years,USD $10 p/mo
220,FoodPattern.com,/11704809,"FoodPattern.com, 1+ year Aged domain, DA-4, PA-17, Food Recipes Guide, Ahrefs keywords- 330+, Perfect Adsense, Amazon Affiliate & Guest Posting Website",USD $199, India,Content,Affiliate Sales,1 year,USD $3 p/mo
221,cryptohivehub.com,/11678921,Profitable Crypto News Blog - $800-$2000 Monthly potential with Ad Revenue & Guest Posting Opportunities!,USD $199, Bangladesh,Content,Ads,<1 year,USD $27 p/mo
222,BestSkiReviewer.com,/11693462,"BestSkiReviewer.com, 2+ year Aged domain, DA-17 and PA-20, Best Reviews Affiliate site, Perfect Amazon affiliate & Google Adsense, zero reserve",USD $190, India,Content,Affiliate Sales,2 years,USD $4 p/mo
223,webhosttricks.com,/11666262,"4 Years of Digital Marketing niche website! 150 Articles including how-to guides, US base Organic Traffic, and Affiliate income Seize the Golden Opportunity!",USD $189, Pakistan,Content,Affiliate Sales,4 years,USD $15 p/mo
224,CatFuds.com,/11676583,"CatFuds.com, 2+ year Aged domain, DA-9 and PA-25, Cats Care Guide, 120+ Ahrefs Keywords, Perfect Google Adsense & Affiliate Website",USD $180, India,Content,Affiliate Sales,2 years,USD $16 p/mo
225,petpreneurpath.com,/11686417,"A 5 month old site organically growing with 254 clicks with 5K total impressions, with 5.1% CTR and Average Position of 38.6 It has a lot of potential.",USD $175, Mexico,Content,Ads,<1 year,USD $1 p/mo
226,GadgetRegular.com,/11695439,"GadgetRegular.com, DA-9, and PA-11, 1+ year Aged domain, Gadgets News and Updates, Perfect Amazon Affiliate, Adsense & Guest posting Website",USD $169, India,Content,Affiliate Sales,1 year,USD $4 p/mo
227,FindStringTrimmers.com,/11665327,"FindStringTrimmers.com, 3 year Aged domain, DA- 19 and PA-26, Garden Trimmers Affiliate website, Blog cum Ecommerce site",USD $165, India,Content,Affiliate Sales,3 years,USD $11 p/mo
228,SnapAddictng.com,/11693403,"SnapAddictng.com, 4+ year Aged domain, DA-15 and PA-31, Camera Tips & Guide blog cum Ecommerce, 90+ Ahrefs Keywords, Perfect Google Adsense & Affiliate Website",USD $160, India,Content,Affiliate Sales,4 years,USD $13 p/mo
229,House Plants,/11673042,"PlantsDiscover.com, 1+ year Aged domain, 80+ Ahrefs keywords, House Plants site, Perfect Google Adsense & Affiliate Website, zero reserve",USD $160, India,Content,Affiliate Sales,1 year,USD $3 p/mo
230,Bearded Dragon Care,/11661788,"UltimateBeardedDragon.com, 2+ year Aged domain, DA- 3 and PA-10,Bearded Dragon Reptile Niche Blog, Perfect Google Adsense Blog",USD $155, India,Content,Affiliate Sales,<1 year,USD $2 p/mo
231,Movementinabox.com,/11704754,A 4-Year-Old Sports Blog with Organic Traffic From USA For Sale: AdSense Approved! NO RESERVE!,USD $149, India,Content,Affiliate Sales,4 years,USD $1 p/mo
232,BermudasTravel.com|| DA- 51,/11695529,"BermudasTravel.com, DA-51, and PA-30, 1+ year Aged domain, Bermuda Niche travel site, Perfect Amazon Affiliate, Adsense & Guest posting Website",USD $149, India,Content,Affiliate Sales,1 year,USD $5 p/mo
233,oncryptomarket.com,/11683878,"Crypto news website ,Auto article upload website with Coin market, Crypto converter, e-commerce.**1 Extra site for BIN**. T shirt drop shipping. Earn 240$/month",USD $120, India,Content,Affiliate Sales,<1 year,USD $42 p/mo
234,ezleaf.co,/11702692,"An almost 3 year old premium Bonsai and Houseplant website with 100% original (human written) articles, unique logo, design, and traffic of 200k+ unique visits!",USD $119, United States,Content,Affiliate Sales,2 years,USD $15 p/mo
235,Freetravelbooking.com,/11673494,Automated Travel blogging Site with auto blog posting. Cheapest Flights / Hotels/Car booking & Earn Ads and Affiliate Commission . Including AFFILIATE ACCOUNT.,USD $112, India,Content,Other,<1 year,USD $20 p/mo
236,avaphotographics.com | Profitable Adsense Approved Photography Blog Start at $1,/11678176,Perfect Investment | Photography niche Blog|Unique Content|Affordable|extra site & lifetime support BIN|Passive Income |High Authority|High Organic traffic,USD $100, Indonesia,Content,Affiliate Sales,<1 year,
237,Birthday Gifts & Wishes,/11661835,"HBDVibes.com, 1+ year Aged domain, DA- 9 and PA-18, Happy Birthday Gifts and Wishes Blog, Perfect Google Adsense Blog",USD $55, India,Content,Affiliate Sales,1 year,USD $3 p/mo
238,EmergeSocial.NET,/11681525,"A three-year-old, multi-niche blog and directory website available in 16 languages, generating a consistently growing passive income","USD $8,000", Italy,Content,Ads,3 years,USD $343 p/mo
239,Horaires des messes en France,/11643882,"Website created more than a year ago, which collects information on all the churches in France and the times of the masses celebrated in those churches.","USD $5,900", Spain,Content,Ads,1 year,USD $364 p/mo
240,ORBISPatches.com,/11694559,"Fully automated, 1m+ page views p/y, 75,000+ PS4 game updates, unique database of 15,000+ games, go-to resource for seeking the latest PS4 game updates.","USD $3,000", Netherlands,Content,Ads,4 years,EUR €60 p/mo
241,outdoorgearshub.com,/11680600,I am selling a 3-year-old content site in the outdoor cycling space with a strong earning history and potential.,"USD $3,000", United States,Content,Affiliate Sales,3 years,USD $330 p/mo
242,thefitbrit.co.uk,/11689423,7 day auction! 4-year old fitness affiliate site with 140 published posts!,"USD $2,850", New Zealand,Content,Affiliate Sales,3 years,USD $56 p/mo
243,mygiveaway.me,/11663880,#1 Successful Platform giveaway 2023 - 79% ORGANIC TRAFFIC - 207$/m Net Profit last month ( Adsense + affiliate ) - admin panel easy to manage,"USD $2,000", Morocco,Content,Ads,3 years,USD $129 p/mo
244,Dock Builders Near Me,/11679777,"A 5 year old directory website for waterfront residents looking for dock builders, boat lifts, seawall, permits & insurance. High net worth and spending power.","USD $2,000", United States,Content,Ads,4 years,USD $4 p/mo
245,The Watch Judge,/11664176,"The Watch Judge is a 3 year old Watch Information, Collecting & Review Wordpress website, which has 165 roundup 'watch review' articles and 15 posts.","USD $1,850", Australia,Content,Affiliate Sales,3 years,USD $6 p/mo
246,DrComparison.com,/11682738,Almost 4 years content website in products comparison niche,"USD $1,780", Singapore,Content,Affiliate Sales,4 years,USD $68 p/mo
247,TuSmartwatch,/11690284,"It is a website focused on comparisons and reviews of smartwatches, monetized with Amazon Affiliates, garnering 119K clicks and 1.98M impressions this year.","USD $1,400", Spain,Content,Affiliate Sales,3 years,USD $179 p/mo
248,Watch For Tomorrow,/11660627,A 3 year old content business in the lifestyle/watch industry . Profit: $72/month or $864/year. 100% passive last year - nothing done for a year.,"USD $1,350", Denmark,Content,Affiliate Sales,3 years,USD $70 p/mo
249,Gourmetian,/11673615,"An online platform offering a wide range of gourmet products, utilizing expert curation, convenient shopping, and exceptional customer satisfaction.","USD $1,000", Spain,Content,Affiliate Sales,3 years,USD $33 p/mo
250,"Spark Shields | The Welding Gear Guide (Premum Design, Beginner Friendly, Traffic +100k )",/11688296,"An almost 3 year old premium quality Welding Website with 100% original (human written) content, unique logo, design, and traffic of 100k+ unique visits!",USD $800, United States,Content,Affiliate Sales,3 years,USD $20 p/mo
251,thesundaygrill.com,/11691624,"Thesundaygrill.com is an affiliate marketing business focused on grills. It has great product reviews, easy-to-understand comparisons, and inspiration for BBQs.",USD $700, Costa Rica,Content,Affiliate Sales,2 years,USD $-16 p/mo
252,sunjet.org,/11679190,"sunjet.org is a 2 year old fully automated travel blog website with Adsense, Affiliate Flight Revenue and Amazing High Earnings Potential.",USD $670, Germany,Content,Affiliate Sales,2 years,USD $54 p/mo
253,FurnaceFilterTalk.com,/11659191,"FurnaceFilterTalk.com: HVAC filtration expertise, 75 blog posts, YouTube channel, and revenue potential via Ezoic & Amazon affiliate.",USD $525, United States,Content,Affiliate Sales,2 years,USD $18 p/mo
254,Shropshire Holiday Stays,/11667020,"Shropshire Holiday Stays offers accommodation rentals in Shropshire. Bookings can be made via our affiliates, providing a convenient and hassle-free experience.",USD $500, United Kingdom,Content,Ads,1 year,USD $30 p/mo
255,flystravel.com,/11665566,"Automated Travel Booking Affiliate Website, Earn from Flights, Hotels, Car rental, Transfers and Tickets. Premium domain, $10k+/month possible earning!",USD $500, Hungary,Content,Affiliate Sales,1 year,USD $1 p/mo
256,Top Chaise Romaine,/11678770,A 2 year old Amazon affiliate website (Power Tower). Profitable and easy to run !,USD $250, France,Content,Affiliate Sales,2 years,EUR €1 p/mo
257,SaaS | Business,/11646342,"An AI-powered job search automation tool that is designed to help users easily find their dream job, uncovering hidden opportunities they never knew existed.","USD $204,250", United States,SaaS,Affiliate Sales,<1 year,"USD $10,123 p/mo"
258,SaaS | Entertainment,/11686615,"We advertise TikTok creators content through TikTok traffic ads to grow their fanbases on a monthly subscription basis, starting from $98 per month.","USD $130,000", United States,SaaS,Service Subscription,2 years,"USD $7,744 p/mo"
259,Getbacklinks.net,/11678474,Over $265K+ in Life Time Revenue. Getting a lot of organic searches. TONS of established backlinks. 950+ orders placed in last 2 years. Huge opportunity!,"USD $17,500", Canada,SaaS,Service Subscription,2 years,"USD $1,553 p/mo"
260,DiscoverProfile.com,/11585679,DiscoverProfile helps you connect with prospects on all their social media channels by discovering all their social media profiles in seconds.,"USD $15,000", United States,SaaS,Ads,2 years,USD $222 p/mo
261,Hedgesocial.com,/11656385,"A 3 year old stock sentiment tracker with roughly 3k users a month, 10k page views a month and automated marketing to keep traffic afloat.","USD $12,500", United States,SaaS,Ads,3 years,USD $-142 p/mo
262,Website | Internet,/11691791,"A real-time chat platform aiming to provide seamless communication, with features like screen sharing and file sharing, for efficient business collaboration.","USD $9,000", Morocco,SaaS,Service Subscription,1 year,USD $129 p/mo
263,CyberSafe,/11697865,A SaaS platform with global reach delivering low-cost cyber security awareness training to organisations looking to reduce the risk of a crippling cyber-attack.,"USD $8,150", Australia,SaaS,Service Subscription,3 years,AUD $-920 p/mo
264,podcastdb.io,/11687845,PodcastDb is a database and search engine of all 2.6M+ Apple Podcasts. Customers use our data for guest outreach and finding potential ad opportunities w AdsDb.,"USD $7,000", United States,SaaS,Service Subscription,<1 year,USD $197 p/mo
265,Matched Betting Plus,/11667733,Software that accurately shows users how they can guarantee profit by betting for/against on enhanced markets. Users pay a monthly subscription.,"USD $5,500", United Kingdom,SaaS,Service Subscription,<1 year,GBP £-4 p/mo
266,Appointley,/11642807,"Appointley is an all-in-one wellness business management solution. Book appointments, manage your staff, boost your reviews, get paid, and do much more!","USD $5,000", United States,SaaS,Service Subscription,<1 year,USD $-4 p/mo
267,OnionRadar.com,/11678098,Onion Radar is a cyber-security tool to seamlessly visit and monitor thousands of deep web and hidden-services sites.,"USD $4,500", Spain,SaaS,Service Subscription,<1 year,
268,Flash Leads,/11662002,Define keywords in Facebook groups and receive email notifications within fifteen minutes when posts are published with your keywords.,"USD $4,000", United States,SaaS,Service Subscription,1 year,USD $134 p/mo
269,getpetsy.com,/11656079,"An all-in-one pet care platform connecting pet owners with qualified pet sitters and services, offering convenience and peace of mind for pet care needs!","USD $3,500", United States,SaaS,Service Subscription,<1 year,
270,SaaS | Internet,/11676127,SEO Keyword Research with Keyword Difficulty - Exclusive and cheap data api supplier included,"USD $3,000", United Arab Emirates,SaaS,Other,<1 year,USD $169 p/mo
271,AI Pet Toon - Convert pet photo into cartoon using AI SAAS,/11696677,"Profitable AI-Powered Cartoonizer. Stripe-ready, low maintenance, huge growth potential in booming AI SaaS!","USD $3,000", Hong Kong,SaaS,Service Subscription,<1 year,USD $216 p/mo
272,ipextra.net,/11688076,"The website/service offers an IP leak check solution popular with VPN providers, it comes with various leak tests, a great domain name and with great potential.","USD $3,000", United Kingdom,SaaS,Ads,<1 year,USD $-20 p/mo
273,MyGainGuru.com,/11689022,"Amazon Seller Software. Most complete analysis tools offered (Asin lookup, Pricing, Barcode Scanner, Bulk Searches, IP Risk, Max. Acquisition price, XLS Export)","USD $2,600", United States,SaaS,Service Subscription,1 year,USD $19 p/mo
274,RanksBooster.com - SAAS - SEO Tools,/11695630,"RanksBooster is comprehensive SEO Platform, that allows you to generate insightful and concise SEO reports that will help your webpage rank and perform better.","USD $2,500", Pakistan,SaaS,Service Subscription,<1 year,"USD $2,242 p/mo"
275,literallythefastest.com,/10846319,SAAS: Routing Software for Small Businesses,"USD $2,500", Canada,SaaS,N/A,2 years,
276,HelpBell,/11698906,AI-powered knowledge base and chatbot to streamline support help desks and documentation,"USD $2,500", Australia,SaaS,Service Subscription,<1 year,USD $-100 p/mo
277,growmiz.com - Mega Bussines - CRM SaaS Platform with multiple features,/11588574,You can have your own CRM online SaaS business in less than 10 minutes. Elevate your SaaS business with Growmiz CRM the ultimate solution for customer relation,"USD $2,500", Romania,SaaS,Affiliate Sales,1 year,
278,WebReWork.com,/11706352,Website,"USD $2,500", India,SaaS,Other,<1 year,
279,conclusion-ai.com,/11656505,"AI-driven content creation platform that unleashes creativity and empowers businesses IOS , ANDROID APP, WEB APP","USD $2,499", United States,SaaS,Ads,1 year,USD $544 p/mo
280,artgram.co,/11659334,"Art portfolio platform with 8K+ professional & aspiring artists. Lots of artists already signed up (Blizzard, Riot Games, etc.). Huge monetization potential!","USD $2,200", Kenya,SaaS,Other,1 year,USD $-42 p/mo
281,WRITEPLUS.NET,/11689678,WritePlus.net: Unleash Your Creativity with AI-Powered Content Generation.,"USD $2,199", Serbia,SaaS,Ads,<1 year,
282,trybuni.com,/11689037,"MicroSaaS AI platform that offers over 100+ templates, endless customization options to help you create ai content, images, voice overs, and more in minutes.","USD $2,100", Kenya,SaaS,Affiliate Sales,<1 year,USD $888 p/mo
283,Open Emailing,/11703262,"Open-source marketing platform for startups, entrepreneurs, marketers, and small businesses earning $500/month, with 700+ sign-ups. Only 1hr/week commitment.","USD $2,000", Ghana,SaaS,Service Subscription,<1 year,USD $500 p/mo
284,airpri.com,/11673435,Create your own online AI database with as easy as working with a spreadsheet. Our user friendly no-code tool gives you the powers of an AI developer,"USD $2,000", United States,SaaS,Other,1 year,
285,Casual SEO Agency - 90% Margin Reseller & Newbie Friendly Passive Income,/11687830,"Casual SEO Agency - A Drop-Servicing Reseller Agency that profits around 93% margin reselling SEO services. Passive income, requires about 3% attention per day.","USD $1,899", Israel,SaaS,Other,<1 year,"USD $1,085 p/mo"
286,lexiwrite.com,/11684576,A High Potential Saas Ai Content Generator website | Premium UI | 30 Days Free Customer Support | Ready to take-off.,"USD $1,800", India,SaaS,Service Subscription,<1 year,
287,Topseokit,/11677413,"Topseokit has advanced AI-driven SEO tools and blogs. It has 53 domain authority (DA) on Moz. Moreover, the top most organic traffic comes from the US.","USD $1,750", United Arab Emirates,SaaS,Other,3 years,
288,SaaS | Internet,/11676130,AI Content Writing SaaS - Low Expenses - Low Mantainance - Easy to Market/Sell,"USD $1,600", United Arab Emirates,SaaS,Other,<1 year,USD $99 p/mo
289,Piker Traders,/11660875,Piker Trader is a subscripiton based web site selling stock trading signals. Purchase of the site will get the trading code and site access.,"USD $1,600", United States,SaaS,Service Subscription,<1 year,USD $-125 p/mo
290,"EmailBlaster Pro - Premium Whitelabel Reseller SAAS in evergreen niche, $20K/Mo Potential",/11670957,A SAAS business in an evergreen niche. Highly scalable semi-automated business with 70% profit margin. Make $20-50K/Month,"USD $1,500", India,SaaS,Affiliate Sales,<1 year,
291,Lets Docs,/11669157,"Launch your profitable SaaS venture, an AI-driven platform for creating business documents, earning $200/month with just an hour of daily management.","USD $1,400", Ghana,SaaS,Service Subscription,<1 year,USD $204 p/mo
292,AI Content Tech,/11690227,"AI Content Tech - Start your SaaS Business with AI Content Generator Tool & Writing Assistant. Generate contents such as Text, Sound, Image, AI Code & AI Chat","USD $1,350", Indonesia,SaaS,Other,<1 year,
293,vallmore.com,/11673438,"Embed and Train Vallmore's AI Bot, AI Help Desk, and Proactive Support chat widget for the bottom of websites for Websites & Web Apps","USD $1,300", United States,SaaS,Other,<1 year,
294,SMARTWRITE.CO,/11676297,Smartwrite.co offers a range of innovative features that will take your content creation experience to the next level.,"USD $1,299", Serbia,SaaS,Ads,<1 year,
295,wascheduler.com,/11651680,"WAScheduler.com is a whatsapp marketing platform, WAScheduler has 10+ automatic payment gateways and unlimited offline payment gateways and many more features.","USD $1,200", Switzerland,SaaS,Affiliate Sales,<1 year,
296,writechief.com - All-in-one SaaS platform to generate AI content and start making money in minute,/11634983,"OpenAI Content, Text, Image, Chat, Code Generator - Ultimate SaaS platform Just a few clicks and you're on your way to becoming a profit-making machine!","USD $1,200", Romania,SaaS,Affiliate Sales,<1 year,
297,IllostrationAI,/11653460,"Illostration.com is an innovative tool for creating AI-generated illustrations, offering a range of styles and a user-friendly interface. Generate unique artwor","USD $1,150", Germany,SaaS,Service Subscription,1 year,EUR €-18 p/mo
298,qr-fix.com - the Ultimate QR GENERATOR Platform turnkey SaaS business for sale,/11582794,Looking to start your own business? Look no further! Introducing qr-fix.com - the ultimate QR GENERATOR Platform turnkey business for sale.,"USD $1,133", Romania,SaaS,Service Subscription,<1 year,
299,seoglobal.us,/11661481,"SEOGlobal Agency - A Drop Servicing Reseller Agency! Own your own passive income business, utterly outsourced service, with less than 4.99% effort on your end.","USD $1,100", Israel,SaaS,Service Subscription,<1 year,USD $935 p/mo
300,AutoWrite.co,/11679352,AutoWrite.co: Unleash your creativity with AI-powered content generation. Revolutionize your writing in 53 languages.,"USD $1,099", Serbia,SaaS,Ads,<1 year,
301,Smart Scripter,/11679989,Transform text to code effortlessly with SmartScripter,"USD $1,000", Canada,SaaS,Ads,<1 year,USD $12 p/mo
302,littlebetting.com,/11670019,Little Betting is an online platform that is designed for gamblers to bet directly against each other and not involve any of the traditional bookmakers.,"USD $1,000", Switzerland,SaaS,Affiliate Sales,<1 year,
303,"Copylisting.com - AI Powered SAAS application for powering online stores, marketing and freelancing",/11673876,"Copylisting is a SAAS first Ai platform targeting small business owners, marketers, freelancers and everyone selling online. Approx 1m digital store owners.","USD $1,000", Netherlands,SaaS,Service Subscription,<1 year,
304,Tayi | An Ultimate AI Assistant,/11696824,Launch your AI business - Get Premium domain tayi.ai - $5000 AWS credits - SaaS Software with 100% codes,"USD $1,000", India,SaaS,Service Subscription,<1 year,
305,trafys.com - Super mega SaaS turnkey deal - Web Analytics Platform,/11633628,"Super mega Bussines - Web traffic reports, such as Realtime, Overview, Acquisitions, Behavior, Geographic, Technology, Events, and more","USD $1,000", Romania,SaaS,Ads,<1 year,
306,WebiTecher.com,/11698356,Website,"USD $1,000", India,SaaS,Service Subscription,<1 year,
307,amberarts.studio,/11676607,Want to compete with the biggest AI Art Generators online? Here's your chance.. Offer the Best Free Ai Art Generator Online without any API cost. RARE BEAST,USD $997, India,SaaS,Affiliate Sales,<1 year,
308,aidezigner.com,/11680288,Revolutionize Interior Design with AI Dezigner: SaaS Room and Interior Design Assistant,USD $900, Morocco,SaaS,Service Subscription,<1 year,USD $3 p/mo
309,CopyModes AI,/11649751,"A new trending AI Website which has tons of features like AI image generation, AI Blog post Creation, AI Website Code development, and many more.",USD $900, India,SaaS,Service Subscription,<1 year,
310,Flexblocks,/11680094,An IOS app to bring time-blocking to mobile devices for students & professionals generating ~$500/year at 100% margins (excluding Apple fees) with no marketing.,USD $800, Canada,SaaS,Service Subscription,1 year,USD $36 p/mo
311,SaaS | Design and Style,/11667315,A platform that leverages AI and data analytics to predict buyer behavior and maximize property value in the real estate industry.,USD $800, Morocco,SaaS,Service Subscription,<1 year,USD $-10 p/mo
312,Appointo.online,/11672580,Best online SaaS appointment platform for business. Generate passive income.,USD $799, India,SaaS,Service Subscription,<1 year,USD $30 p/mo
313,logogenics.pro,/11682696,"PROFITABLE/RESELLER LOGO DESIGN BUSINESS - Made $1400 plus in 3 Months. FLIPPA VALUATION $12,830 - $15,680.",USD $790, Canada,SaaS,Service Subscription,<1 year,USD $495 p/mo
314,QwikWrite - AI Content Writing Solution,/11650481,Exceptional Opportunity to Own Qwikwrite.com - A Cutting-Edge AI Content Generator Website.,USD $750, India,SaaS,Ads,<1 year,
315,AI PDF Assistant - ChatGPT For your PDF's,/11657367,"AI PDF Assistant: Revolutionizing document management with advanced AI, ML backend, Generate passive income. ChatGPT but for your business documents.",USD $700, United Kingdom,SaaS,Affiliate Sales,<1 year,USD $10 p/mo
316,Chattersite,/11674258,Chattersite is an A.I. power customer support widget for internet businesses.,USD $700, United States,SaaS,Service Subscription,<1 year,
317,Monthly Net Profit $600 - Profitable & Growing SEO Service Selling Business.,/11702713,SEO Service Selling Business. Monthly Net Profit avg $600. The New Owner will Gets 30 Days Support. No Experience is Required,USD $690, Philippines,SaaS,Affiliate Sales,<1 year,USD $472 p/mo
318,"Upworkli.com - A comprehensive Work OS, covering Project Management, Task Handling, HR, and CRM, offered as a SaaS solution",/11692699,"Cloud-based CRM & Project Management platform designed for team collaboration. Plan, track, and manage tasks, Doc, Goals.. Great sounding .COM domain.",USD $650, Venezuela,SaaS,Ads,<1 year,
319,Pressthis.link – URL Shortener with Premium Tools & Domain,/11685166,A platform that streamlines content sharing by allowing users to shorten and share web links. A complete free-of-charge marketing tools suite.,USD $600, Lithuania,SaaS,Affiliate Sales,<1 year,
320,"Linklli.com - Link shortening, QR code generation & Biolink Creation SaaS",/11686657,"A SaaS link management platform that offers biolinks, QR codes, digital business cards, and link shortening services. No coding required. Great Domain Name",USD $600, Venezuela,SaaS,Ads,<1 year,
321,DocUploads.com - Cloud File Storage SaaS Business,/11672270,"DocUploads provide the upload files, backup, manage and access files on any device, from anywhere.",USD $600, India,SaaS,Ads,<1 year,
322,Outbox Monster- Email Marketing Sofware as a Service- SaaS Email Platform,/11538846,Start your own MailChimp-like email marketing platform with this fully-featured and easy-to-use email marketing SAAS website.,USD $600, Venezuela,SaaS,Service Subscription,<1 year,
323,"Workspat.com - Work OS for Project Management, Task Handling, HR, and CRM - Software as a Service (SAAS).",/11683131,"Cloud-based CRM & Project Management platform designed for team collaboration. Plan, track, and manage tasks, Doc, Goals.. Great sounding .COM domain.",USD $600, Venezuela,SaaS,Service Subscription,<1 year,
324,Wrize.co,/11672433,Wrize.co: AI-powered writing platform offering versatile content generation tools for various industries. Scale your writing with ease.,USD $599, India,SaaS,Ads,<1 year,
325,VIDSTREAMR.COM | The Ultimate Video CMS & Video Sharing Platform,/11689167,"VidStreamr is a video-sharing & streaming website which allows you to start your video-sharing platform like YouTube, anytime, anywhere! Low BIN",USD $599, Pakistan,SaaS,Ads,<1 year,
326,Onegigs.com - Freelancing Marketplace Like Fiverr,/11682988,Onegigs.com | Freelancing marketplace like fiverr,USD $550, India,SaaS,Other,<1 year,USD $73 p/mo
327,filetransfering.com,/11675419,Unlimited Files Storage & Transfer Website Saas,USD $550, Bangladesh,SaaS,Ads,<1 year,USD $171 p/mo
328,AllCoinCaps.com - Your own Premium Crypto website with AI,/11669236,"Fully automatic crypto website with 5,000 coins, 800 exchanges, portfolio feature and AI chat, articles and news. Low running costs. Fully automatic. Bull?!",USD $540, Sweden,SaaS,Affiliate Sales,<1 year,USD $6 p/mo
329,LINKRRS.COM,/11662859,Bio-Link & URL Shortener Platform. The highest quality and most advanced URL Shortener and link in Bio Creator.,USD $501, Pakistan,SaaS,Ads,<1 year,
330,chatbotplus.xyz,/11694197,ChatBot integration service selling business. Monthly net profit avg $550 USD. No experience is required. 100% outsourced.The new owner will get 30 days support,USD $500, Philippines,SaaS,Affiliate Sales,<1 year,USD $627 p/mo
331,"Shortifys.com - URL Shorting , Bio Page Making Platform",/11680576,"Shortifys.com - URL Shortening, QR Code generating and Bio Page Making platform",USD $500, India,SaaS,Service Subscription,<1 year,USD $42 p/mo
332,PolicyFrame,/11666539,PolicyFrame.com: Your One-Stop AI-Powered Policy Writing Solution,USD $500, Serbia,SaaS,Ads,1 year,USD $20 p/mo
333,TradeAssistant - An AI Trading Assistant and Bot Builder,/11684860,"A ChatGPT powered Web App that allows Traders to Generate Trading Strategies, Scripts and Bots. Works for Stock, Forex, Crypto. Huge Growth Potential!",USD $500, India,SaaS,Affiliate Sales,<1 year,
334,AnimeAd,/11685741,Non-Stop Leads and With Your Own Classified Ad Website,USD $500, United States,SaaS,Affiliate Sales,1 year,
335,GeniusGPT,/11656260,GeniusGPT.co:- your gateway to a new era of content creation powered by the latest advancements in artificial intelligence.,USD $500, India,SaaS,Ads,<1 year,
336,revolvai.com,/11678875,"Revolutionize creativity with Revolv AI: cutting-edge music, chatbot, code, and image generation tools for limitless innovation and expression.",USD $500, United States,SaaS,Service Subscription,<1 year,
337,SCHED360.COM,/11676614,"Streamline multi-business operations with our SaaS booking software. Empower users to effortlessly manage bookings, staff, services, customers, and more.",USD $500, Pakistan,SaaS,Service Subscription,<1 year,
338,toetubers.com,/11674251,ToeTubers is the easiest way for verified users to buy and sell feet pictures and videos. Selling sexy feet photos and videos could be a great side income.,USD $500, Pakistan,SaaS,Service Subscription,<1 year,
339,Worktue.com,/11662195,Saas - Project Management System,USD $500, Bangladesh,SaaS,Service Subscription,<1 year,USD $-3 p/mo
340,WaShopi - WhatsApp E-Commernce Store Builder SaaS With AI,/11676108,A SaaS based high demanded WhatsApp or Payment proccess E-Commernce Store Builder Application With AI Content Generator.,USD $499, United Arab Emirates,SaaS,Other,<1 year,
341,proovio.co,/11667648,Best Social Proof Marketing Saas Platform for Increasing Website Conversion Rate.,USD $499, South Africa,SaaS,Service Subscription,<1 year,
342,wabiz.co,/11682447,"WhatsApp Marketing Tool SAAS For Sale | Bulk Sender, Chat, Bots, SaaS | Fully Automated System | WhatsApp Cloud API | Premium Domain Included",USD $499, India,SaaS,Service Subscription,<1 year,
343,indexback.com,/11671263,Established Digital Marketing Service Selling Business. Monthly Net Profit avg $600. The New Owner Will Get 30 Days fast Support,USD $490, Kenya,SaaS,Affiliate Sales,1 year,USD $563 p/mo
344,iSCHEDULR.COM,/11695555,"Streamline multi-business operations with our SaaS booking software. Empower users to effortlessly manage bookings, staff, services, customers, and more.",USD $485, Pakistan,SaaS,Affiliate Sales,<1 year,
345,CTRmet.com | Social Proof Marketing SAAS,/11695299,CTRmet.com | Social Proof Marketing SAAS Platform FOMO,USD $480, India,SaaS,Other,<1 year,USD $137 p/mo
346,"Optimal Monster - ERP, CRM & HR SAAS Platform",/11674171,High-value domain name - Beginner friendly SAAS Platform,USD $450, Venezuela,SaaS,Service Subscription,<1 year,
347,Wingsend,/11681324,"The wordpress.com of hubspot. A fully-fledged CRM, Email Marketing Tool, Automation Hub, & More. Run this business as a SaaS, a one-off sale, or both.",USD $450, United States,SaaS,Other,1 year,USD $-10 p/mo
348,Monthly Net Profit avg $500 - eCommerce SEO Service Selling Business. No Experience is Required,/11683187,Established eCommerce SEO Service Selling Business. Monthly Net Profit avg $550. No Experience is Required. The New Owner Will Get 30 Days Fast Support,USD $430, Philippines,SaaS,Affiliate Sales,<1 year,USD $426 p/mo
349,Nextsgpt.com - AI Based Content Generating Platform with the power of ChatGPT,/11669799,Nextsgpt.com | AI Based Content Generating Platform with the power of ChatGPT,USD $420, India,SaaS,Service Subscription,<1 year,USD $45 p/mo
350,apptmnt.com,/11660537,"A platform that simplifies business operations by offering appointment scheduling, automated reminders, and customer management tools.",USD $420, United States,SaaS,Service Subscription,<1 year,
351,Ai-imagecreator.com,/11669111,Professional AI content and image generator SaaS platform for passive income,USD $420, Bangladesh,SaaS,Service Subscription,<1 year,USD $20 p/mo
352,Mails.Monster - Email Marketing Engine - SaaS Email Platform,/11702907,Start your own MailChimp-like email marketing platform with this fully-featured and easy-to-use email marketing SAAS website.,USD $420, Venezuela,SaaS,Service Subscription,<1 year,
353,Prompts Pack,/11697839,ChatGPT Prompts Bundle SAAS Website Business | Perfect Investing Opportunity| Residual Income Ready | After Sale Support + Mobile App,USD $415, United States,SaaS,Other,<1 year,
354,workslr.com,/11697124,"Cloud-based CRM & Project Management platform designed for team collaboration. Plan, track, and manage tasks, Doc, Goals.. Great sounding .COM domain.",USD $400, Venezuela,SaaS,Ads,<1 year,
355,Browse&Dine SAAS - Contactless Digital QR Menu - Charge Monthly to Restaurants,/11665739,"Browse&Dinecontactless QR menu maker / Digital QR code instant ordering system is the perfect tool for restaurants, bars, cafeterias, pizzerias and hotels.",USD $400, United Arab Emirates,SaaS,Service Subscription,<1 year,USD $29 p/mo
356,HealthBuddy,/11686159,"Presenting HealthBuddy.chat, showcasing ChatGPT, a Subscription Service, and exceptional design, all with the potential for passive income.",USD $399, India,SaaS,Affiliate Sales,<1 year,USD $7 p/mo
357,SmartTravelBot.com,/11697693,SAAS|Powerful AI Travel Discount & Ideas Using OpenAI ChatGPT With Prompt|Save 1000s|Huge Earning Potentials|Ads & Affiliates|Low/No Maintenance|Free Webhosting,USD $398, United States,SaaS,Affiliate Sales,<1 year,USD $55 p/mo
358,linketr.com,/11689743,"A SaaS link management platform that offers biolinks, QR codes, digital business cards, and link shortening services. No coding required. Great Domain Name",USD $398, Venezuela,SaaS,Affiliate Sales,<1 year,
359,"Chatlly.com - Marketing Saas Platform for Facebook, Instagram and SMS",/11694755,"Chatlly.com is a versatile SAAS marketing solution that combines chatbot building, social media management, SMS and email marketing, Social e-commerce, and more",USD $375, Venezuela,SaaS,Ads,<1 year,
360,Resumeswag.com- AI Resume and Cover Letters Platform (SAAS),/11674236,"Sophisticated AI Resume and Cover Letters SAAS Platform. fully automated, highly scalable, sell plan subscriptions, 100% ready for advertising, Cost Effective.",USD $369, Slovenia,SaaS,Service Subscription,<1 year,
361,showthe.link,/11669010,"Showthe.link is a SAAS that automatically creates high-conversion preview images for links posted on X, customized for each organisation.",USD $356, Estonia,SaaS,Service Subscription,<1 year,
362,MyWeightLossChat.com,/11695671,SAAS|Powerful Weight Loss Expert Chat Site Powered By OpenAI ChatGPT With Prompts|Huge Earning Potentials|Ads & Affiliates|Low/No Maintenance|Free Web Hosting,USD $350, United States,SaaS,Affiliate Sales,<1 year,USD $37 p/mo
363,alertmarket.shop,/11694229,"Monthly Net Profit Avg $550. SEO Service For Travel Agency. The New Owner Will Gets 30 Days Fast Support, Guide, Training",USD $350, Philippines,SaaS,Affiliate Sales,<1 year,USD $411 p/mo
364,iBuddy.Social,/11684944,The most complete social network website with tons of features. Start your online community today. Build your social network website.,USD $350, Pakistan,SaaS,Ads,<1 year,
365,"Shortlly.com - Link shortening, QR code generation & Biolink Creation SaaS",/11643447,"A SaaS link management platform that offers biolinks, QR codes, digital business cards, and link shortening services. No coding required. Valuable domain name",USD $350, Venezuela,SaaS,Service Subscription,<1 year,
366,HealthPro - Chat GPT Subscription Website with 6 tools and auto news,/11684891,Chat GPT health website with 6 health tools & auto news (Chat GPT). Charge subscription for chat usage. Low running costs. Easy passive income. Low maintenance.,USD $349, Sweden,SaaS,Affiliate Sales,<1 year,USD $6 p/mo
367,Billifys.com | Billing & Customer Relationship Management System,/11684676,Billifys.com | Online Billing and Business Management SAAS,USD $325, India,SaaS,Other,<1 year,USD $59 p/mo
368,"Treluz.com - Project Management, Tasks, HR and CRM Work OS - SAAS",/11669845,"Great sounding 6-Letter .COM domain Cloud-based CRM & Project Management platform designed for team collaboration. Plan, track, and manage tasks, Doc, Goals..",USD $320, Venezuela,SaaS,Service Subscription,<1 year,
369,smartaitoolz.com,/11669761,"A Ready-to-take-off SAAS business with huge potential that provides a host of AI-powered tools to generate content like blogs, Video scripts, emails, and paraph",USD $305, Switzerland,SaaS,Service Subscription,<1 year,
370,StudyMonth.com : An online learning and teaching platform (Like udemy),/11676537,"Student can choose from many topics, skill levels, and languages. They can shop thousands of high-quality on-demand online courses.",USD $305, India,SaaS,Other,<1 year,
371,articlemaze.com,/11681480,ArticleMaze.com- AI SAAS and Outsourced 2 in1 business|Huge Profit margins|Exponential Growth| AI content+ Image SAAS model|Easy to Run|Beginner Friendly,USD $300, India,SaaS,Service Subscription,<1 year,USD $60 p/mo
372,SaaS Course Selling site - Passive income,/11693152,SkillSharing.Online is an online SAAS-based course-selling platform. Generate monthly passive income.,USD $300, India,SaaS,Service Subscription,<1 year,USD $99 p/mo
373,casinomajesty.com,/11679642,"Own a piece of the online gaming world! Profitable casino website for sale, with 26 payment methods, referral program, and top-notch games.",USD $300, Spain,SaaS,Affiliate Sales,<1 year,
374,MarketTracker - All-in-One Global Market Tracker App,/11666887,"Perfect site to build an Adsense, Affiliate or Sponsorship ad business in the Trading Niche. Premium Design, Real Time Data, No Monthly API cost!",USD $300, India,SaaS,Affiliate Sales,<1 year,
375,signforemail.com,/11640087,SignForEmail.com: Your Path to Professional Email Signatures and Profits.,USD $300, China,SaaS,Service Subscription,<1 year,
376,attlio.com,/11682407,Attlio.com - The ideal 6-letter .COM domain for your comprehensive multi-business service booking SaaS.,USD $300, Venezuela,SaaS,Service Subscription,<1 year,
377,Apointlly.com - Multi-Business Service Booking Scheduling Saas Platform,/11670969,"Apointlly is a comprehensive SaaS for multi-business service booking. Users can easily create and handle bookings, staff, services, and customers.",USD $300, Venezuela,SaaS,Service Subscription,<1 year,
378,Tasklr.net - Tasks Management Saas Platform,/11640223,A beginner-friendly SaaS platform for task management with a great domain name.,USD $300, Venezuela,SaaS,Service Subscription,<1 year,
379,Worklli.com - ERP with Multi-Workspace Saas Platform,/11627810,"Worklli is an effective cloud-based solution with multi-workspace functionality, multi-addons, and seamless scalability. Beginner Friendly Saas platform",USD $300, Venezuela,SaaS,Service Subscription,<1 year,
380,GPTbuddy AI - Powerful AI Full Featured Business Model,/11657244,GPTBuddy|AI SAAS|OpenAi Integration|ChatGPT powered|Image-Code-Chat-Voiceover|Advance AI Image|Subscription+Affiliate panel|Powerful Admin Panel |Team Option,USD $300, India,SaaS,Ads,<1 year,
381,ForexWatchdog - All-in-One Forex & Crypto Market Tracker,/11698234,"35+ Forex & Crypto Tools - Tracker, Screener, Technical Analysis, Calculators, News and Now AI STRATEGY BUILDER| Premium Design, Cross Platform | Real Time Data",USD $297, India,SaaS,Affiliate Sales,<1 year,
382,Infuhire.com - influencer hiring platform,/11671206,"Infuhire, is a professional Influencer Hiring platform",USD $260, India,SaaS,Other,<1 year,
383,FirstTravelBot.com,/11673188,SAAS|Powerful AI Travel Discount & Ideas Using OpenAI ChatGPT With Prompt|Save 1000s|Huge Earning Potentials|Ads & Affiliates|Low/No Maintenance|Free Webhosting,USD $250, United States,SaaS,Affiliate Sales,<1 year,USD $64 p/mo
384,Monthly Net Profit Avg $120. Canva Ready-made Editable Premium Template Selling Business,/11704276,"16,000 Plus Canva Editable Ready-made Social Media Post Template Selling Business. Monthly Net Profit avg $120. No experience is required. 100% outsourced.",USD $250, Philippines,SaaS,Affiliate Sales,<1 year,USD $90 p/mo
385,Storytell - Chat GPT AI Subscription website,/11684935,Storytelling Chat GPT website with Voice & Text. Perfect for parents and children. Customizable. Perfect side hustle. Strong domain. Low maintenance.,USD $250, Sweden,SaaS,Affiliate Sales,<1 year,USD $6 p/mo
386,OfficeGPT.chat - Chat GPT AI website with subscription service for passive income,/11674616,"You Own Chat GPT AI Website - Limit user spending, choose monthly fee. World's most powerful AI with low maintenance. Earn a passive income with secure profits!",USD $250, Sweden,SaaS,Affiliate Sales,<1 year,USD $6 p/mo
387,JesusBot - Chat GPT website with Text/Voice and Subscriptions for passive income,/11674638,JesusBot is a Chat GPT 4 subscription website with Voice/Text chat that helps anyone that seeks help. Earn passive income on subscriptions. Large potential.,USD $250, Sweden,SaaS,Affiliate Sales,<1 year,USD $6 p/mo
388,playaviator.co,/11669572,"14-in-1 Free to Play Casino Games Web App| Go viral and make a killing passive income through Gambling Ads, Singups and Affiliates Commissions. Extremely Rare!",USD $250, India,SaaS,Affiliate Sales,<1 year,
389,text2pic.online,/11674755,"Powerful SaaS platform powered by ChatGPT. Generate AI images, Earn through subscriptions, monetize with Adsense ads, Huge Admin panel and much more",USD $249, Czech Republic,SaaS,Ads,<1 year,USD $1 p/mo
390,TravelSearchDeals.com,/11703114,"New Design Automated Travel Hotels & Flights Booking Affiliate. $3,000/month Potential Passive Income. Highly Profitable and Easy to Run.",USD $247, Indonesia,SaaS,Affiliate Sales,<1 year,
391,Sellrio - Providing E-Commerce Website on One Click WaaS / SAAS,/11697570,Turnkey SaaS Business - Offers an online store similiar to Shopify. Huge Potential - Earn recurring revenue - Passive income - No freelancer dependent,USD $239, India,SaaS,Affiliate Sales,<1 year,
392,Traveller - Chat GPT Subscription Website for travellers,/11684938,AI Traveller bot with Chat GPT and Subscription Service. Perfect for travellers. Place ads. Customize. Add more services. Low maintenance. Earn passive income.,USD $225, Sweden,SaaS,Affiliate Sales,<1 year,USD $6 p/mo
393,wrytie.com,/11646155,"AI-powered SaaS for content generation, image creation, code generation, and interactive chatbots. The highest bid wins.",USD $220, Cyprus,SaaS,Service Subscription,<1 year,
394,mgmarketing.online,/11690264,Digital Marketing Service Selling Business. No Experience is Required. 100% Outsourced. The new owner will gets 30 days support,USD $215, France,SaaS,Affiliate Sales,<1 year,USD $501 p/mo
395,qrcodes.today,/11704193,QR Generator SAAS Website Business | Perfect Investing Opportunity| Residual Income Ready | After Sale Support + Mobile App,USD $215, United States,SaaS,Other,<1 year,
396,onlinestoremaster.shop,/11668345,"Powerful E-com SaaS platform based on the principle of Wix / Shopify. Sell Digital / Physical items, Subscriptions, Adsense - ads monetize, Admin panel",USD $215, Czech Republic,SaaS,Ads,<1 year,USD $1 p/mo
397,GPT Writer,/11697423,SAAS AI Generator Website Business | Perfect Investing Opportunity| Residual Income Ready | After Sale Support + Mobile App,USD $215, United States,SaaS,Other,<1 year,
398,proleads.shop,/11694475,"100% Passive Earning SaaS Tools, Now Net profit avg $100. I will provide 30 Days fast support",USD $210, United Kingdom,SaaS,Affiliate Sales,<1 year,USD $96 p/mo
399,MyFriend.chat - Chat GPT Subscription Website - Passive income,/11669249,You Own Chat GPT AI Website - Perfect side hustle. Strong domain. World's most powerful AI with low maintenance. Earn a passive income with secure profits!,USD $210, Sweden,SaaS,Affiliate Sales,<1 year,USD $6 p/mo
400,Jesus Journey,/11699945,"Presenting Religion and Spirituality chatbot, showcasing ChatGPT, a Subscription Service, and exceptional design, all with the potential for passive income.",USD $210, India,SaaS,Affiliate Sales,<1 year,USD $7 p/mo
401,allwebtools AI Content Generator Platform and SEO Reports & Tools Platform and Web Analytics Platform and URL Shortener Platform Saas 4 in one,/11690798,4 SAAS Bundle Business Website |Exponential & Easy manage|Full Automation|AI Content Generator|SEO Reports & Tools|Web Analytics Platform|URL Shortener Platform,USD $205, Algeria,SaaS,Affiliate Sales,<1 year,
402,Promptoly.com AI prompt marketplace,/11676325,Promptoly AI Prompt Marketplace|OpenAI Integration|Powerful Admin Panel|Brandable Domain|Social Integration,USD $204, India,SaaS,Other,<1 year,
403,linkiweb.com,/11674155,LinkiWeb : a subscription-based SaaS marketing tool.,USD $200, Germany,SaaS,Affiliate Sales,2 years,
404,joltmailer.com,/11670466,"Simple Email Marketing tool, that comes with WordPress plugins for email subscription and RSS to email automation. Website is approved for AdSense.",USD $200, Kenya,SaaS,Ads,<1 year,
405,TinderAdvice.com,/11689993,"ChatGPT of Tinder dating advice. Powered by GPT 3.5, the AI tool can write dating bios, pickup lines, and even give advice when someone is ghosted. Ready to go!",USD $200, United States,SaaS,Other,<1 year,
406,SOCIALPROOFR.COM,/11675147,"Revolutionize your website with our SaaS Toolkit: FOMO pop-ups, Social Proof, and engaging features. Convert visitors, elevate your online presence effortlessly",USD $200, Pakistan,SaaS,Ads,<1 year,
407,seoln.com,/11648524,"Introducing Seoln, the ultimate comprehensive SEO Reports and Tools Platform that is designed to revolutionize your webpage's ranking and performance.",USD $200, Algeria,SaaS,Service Subscription,1 year,
408,SEOTOOLNIQUE.COM - In-depth SEO Analysis Tool,/11648376,"SEO Analysis Software, 100% Automated SEO Reports, 40+ SEO Tools and so much more.",USD $200, Pakistan,SaaS,Ads,<1 year,
409,PROJECTSYNCRO.COM - Project Management System,/11645247,"The ultimate SaaS team collaboration tool, keeping all your teams tasks in one place. With real-time collaboration capabilities.",USD $200, Pakistan,SaaS,Service Subscription,<1 year,
410,FILESHIMMER.COM,/11664749,"Ultimate SaaS file management website. Create your own fully-featured, self-hosted file-sharing and hosting site.",USD $199, Pakistan,SaaS,Ads,<1 year,
411,EMPLOYALINK.COM,/11672104,Embark on your freelance journey and unlock online revenue through commissions and advertisements. Connect talent with opportunities for seamless profitability.,USD $199, Pakistan,SaaS,Ads,<1 year,
412,skillsdiscover.com,/11668823,Skillsdiscover.com is an online Learning marketplace Like udemy.com,USD $195, India,SaaS,Other,<1 year,
413,TravelDreamBook.com,/11672789,"New Design Automated Travel Hotels & Flights Booking Affiliate. $3,000/month Potential Passive Income. Highly Profitable and Easy to Run.",USD $190, Indonesia,SaaS,Affiliate Sales,<1 year,
414,yematch,/11699161,Yematch: Make dating fun with our cool site! Selling it to try new things.,USD $180, Canada,SaaS,Service Subscription,1 year,
415,builderm.com,/11692812,"Drag&Drop SaaS HTML site builder built on Laravel platform to start or upgrade your website developer, CV/resume, landing page, or marketing agency business",USD $154, Algeria,SaaS,Service Subscription,1 year,
416,TravelDealsBook.com,/11688033,"New Design Automated Travel Hotels & Flights Booking Affiliate. $3,000/month Potential Passive Income. Highly Profitable and Easy to Run.",USD $150, Indonesia,SaaS,Affiliate Sales,<1 year,
417,WriteEvo.com Ultimate AI Content Generator,/11660324,"AI Content Generator. Exclusive image background editing, low maintenance. Profit with subscriptions & ads. Ready to earn now! Complete SaaS platform.",USD $150, Bangladesh,SaaS,Ads,<1 year,
418,LikeBot,/11699721,"Make money with a business which is ready to make millions! Website automatically works, you only need is just wait and get profits.",USD $150, United States,SaaS,Service Subscription,<1 year,
419,ai-columns.com,/11691387,Welcome to the innovative AI advertising platform with multiple revenue streams |Google AdSense | AI Direct Ads |AI Affiliate Marketing Platform Income Stream,USD $149, Bangladesh,SaaS,Affiliate Sales,<1 year,USD $21 p/mo
420,CheapTravelsZone.com,/11676432,Lifetime Automated Website - Generates passive income potential $1000/month with NO Monthly Expenses. Affiliate Travel Booking Site. Android App Available.,USD $140, Indonesia,SaaS,Affiliate Sales,<1 year,USD $1 p/mo
421,aiwritter.site,/11670864,"A SaaS platform for crafting top-notch contents, high-performing articles, compelling copies, AI-driven speech-to-text, and stunning images + awesome 2 PWAs.",USD $125, Nigeria,SaaS,Service Subscription,<1 year,USD $8 p/mo
422,Crypto Coin Hub,/11679110,"A cutting-edge crypto website with real-time charts, seamless trading options, and a range of features for an immersive experience. Potential to earn $1000+ pm",USD $125, India,SaaS,Affiliate Sales,<1 year,USD $6 p/mo
423,Up Mail,/11698324,SAAS SMS and Email Marketing Website Business | Perfect Investing Opportunity| Residual Income Ready | After Sale Support + Mobile App,USD $105, United States,SaaS,Other,<1 year,
424,AIArticleMaster.com,/11637079,"AI Article Creation Site -Sell Access to the Latest AI Technology and Start Earning in this Red Hot Niche, WordPress + Custom Technology - Keyword Rich Domain",USD $100, United Kingdom,SaaS,Service Subscription,<1 year,
425,webfolia.site,/11684837,We present to you a one-of-a-kind Software as a Service (SAAS) business that has been turning heads and transforming the way users build websites effortlessly.,USD $99, Morocco,SaaS,Service Subscription,<1 year,
426,botpow.com,/11705934,"3-in-1 AI-driven SaaS contents generator, high-performing articles, compelling copies, speech-to-text, and stunning images for web, iOS and android PWAs.",USD $85, Nigeria,SaaS,Service Subscription,<1 year,USD $7 p/mo
427,techonpalm.com,/11637222,Transform AI Content Creation with TechOnPalm.com - Your Ultimate AI-Driven Content Generation SaaS Platform,USD $75, Kenya,SaaS,Service Subscription,1 year,
428,Cloudotopia.com,/11684036,Cloudotopia.com|SAAS AI Content Creator Platform|Influencer Marketplace|Mobile Ready PWA|Paywall+Live Stream|Payment Integration|BIN Bonus,USD $57, India,SaaS,Service Subscription,<1 year,
429,emailfw.com,/11684672,Unlock additional revenue streams with emailxt SaaS module. Easily manage and sell your email and SMS services to others making a handsome profit.,USD $47, Spain,SaaS,Service Subscription,<1 year,
430,AI IMG,/11704172,AI Image Generator SAAS Website Business | Perfect Investing Opportunity| Residual Income Ready | After Sale Support + Mobile App,USD $28, United States,SaaS,Other,<1 year,
